[2026-08-25T07:24:49.590Z] GET http://localhost:5177/ → 200 (18ms, ?B)
[2026-08-25T07:24:49.625Z] GET http://localhost:5177/@vite/client → 200 (17ms, 178956B)
[2026-08-25T07:24:49.626Z] GET https://fonts.googleapis.com/css2?family=Newsreader:ital,opsz,wght@0,6..72,200..400;1,6..72,200..300&display=swap → pending (?ms, ?B)
[2026-08-25T07:24:49.626Z] GET http://localhost:5177/assets/bloom-still.svg → 200 (38ms, 47702B)
[2026-08-25T07:24:49.626Z] GET http://localhost:5177/src/main.js?t=1787489938677 → 200 (15ms, 11932B)
[2026-08-25T07:24:49.664Z] GET http://localhost:5177/node_modules/vite/dist/client/env.mjs → 200 (2ms, 3478B)
[2026-08-25T07:24:52.625Z] GET http://localhost:5177/src/styles/watl.css?t=1787489018152 → pending (?ms, ?B)
[2026-08-25T07:24:52.625Z] GET http://localhost:5177/src/chrome.js?t=1787489018209 → pending (?ms, ?B)
[2026-08-25T07:24:52.625Z] GET http://localhost:5177/src/hero.js?t=1787489778487 → pending (?ms, ?B)
[2026-08-25T07:24:52.637Z] GET http://localhost:5177/node_modules/.vite/deps/motion.js?v=8cf2488a → 200 (19ms, 329836B)
[2026-08-25T07:24:52.733Z] GET https://fonts.gstatic.com/s/newsreader/v26/cY9AfjOCX1hbuyalUrK4397yjA.woff2 → 200 (220ms, 132605B)
[2026-08-25T07:24:52.733Z] GET https://fonts.gstatic.com/s/newsreader/v26/cY9CfjOCX1hbuyalUrK439vCjohC.woff2 → 200 (815ms, 147062B)
[2026-08-25T07:24:52.733Z] GET http://localhost:5177/src/bloom/scene.js?t=1787489938677 → 200 (16ms, 149106B)
[2026-08-25T07:24:52.751Z] GET http://localhost:5177/node_modules/.vite/deps/three.js?v=8cf2488a → 200 (58ms, 63254B)
[2026-08-25T07:24:52.751Z] GET http://localhost:5177/node_modules/.vite/deps/three_examples_jsm_postprocessing_EffectComposer__js.js?v=8cf2488a → 200 (58ms, 10209B)
[2026-08-25T07:24:52.751Z] GET http://localhost:5177/node_modules/.vite/deps/three_examples_jsm_postprocessing_RenderPass__js.js?v=8cf2488a → 200 (57ms, 3040B)
[2026-08-25T07:24:52.752Z] GET http://localhost:5177/node_modules/.vite/deps/three_examples_jsm_postprocessing_UnrealBloomPass__js.js?v=8cf2488a → 200 (57ms, 14026B)
[2026-08-25T07:24:52.752Z] GET http://localhost:5177/node_modules/.vite/deps/three_examples_jsm_postprocessing_ShaderPass__js.js?v=8cf2488a → 200 (57ms, 1362B)
[2026-08-25T07:24:52.752Z] GET http://localhost:5177/node_modules/.vite/deps/three_examples_jsm_postprocessing_OutputPass__js.js?v=8cf2488a → 200 (57ms, 5131B)
[2026-08-25T07:24:52.752Z] GET http://localhost:5177/src/bloom/textures.js?t=1787488962619 → 200 (59ms, 91021B)
[2026-08-25T07:24:52.752Z] GET http://localhost:5177/src/bloom/entity.js?t=1787489938677 → 200 (59ms, 108967B)
[2026-08-25T07:24:52.752Z] GET http://localhost:5177/src/bloom/field.js?t=1787488962613 → 200 (59ms, 116201B)
[2026-08-25T07:24:52.752Z] GET http://localhost:5177/src/bloom/settle.js?t=1787489778483 → 200 (59ms, 39622B)
[2026-08-25T07:24:52.752Z] GET http://localhost:5177/src/bloom/material.js?t=1787489938677 → 200 (59ms, 55411B)
[2026-08-25T07:24:52.752Z] GET http://localhost:5177/src/bloom/motif.js → 200 (59ms, 20348B)
[2026-08-25T07:24:52.811Z] GET http://localhost:5177/node_modules/.vite/deps/chunk-IEZS3O2Z.js?v=8cf2488a → 200 (2ms, 2751B)
[2026-08-25T07:24:52.811Z] GET http://localhost:5177/node_modules/.vite/deps/chunk-IT3TP6RZ.js?v=8cf2488a → 200 (24ms, 1618711B)
[2026-08-25T07:24:52.811Z] GET http://localhost:5177/node_modules/.vite/deps/chunk-NY4Z4LNU.js?v=8cf2488a → 200 (11ms, 656B)
[2026-08-25T07:24:52.811Z] GET http://localhost:5177/node_modules/.vite/deps/chunk-WYHAABFN.js?v=8cf2488a → 200 (13ms, 2693B)
[2026-08-25T07:26:05.363Z] GET http://localhost:5177/ → 200 (7ms, ?B)
[2026-08-25T07:26:05.447Z] GET http://localhost:5177/@vite/client → 200 (4ms, ?B)
[2026-08-25T07:26:05.447Z] GET https://fonts.googleapis.com/css2?family=Newsreader:ital,opsz,wght@0,6..72,200..400;1,6..72,200..300&display=swap → 200 (?ms, -743B)
[2026-08-25T07:26:05.448Z] GET http://localhost:5177/assets/bloom-still.svg → 304 (1ms, ?B)
[2026-08-25T07:26:05.448Z] GET http://localhost:5177/src/main.js?t=1787489938677 → 200 (3ms, ?B)
[2026-08-25T07:26:05.451Z] GET http://localhost:5177/node_modules/vite/dist/client/env.mjs → 200 (2ms, ?B)
[2026-08-25T07:26:05.451Z] GET http://localhost:5177/src/styles/watl.css?t=1787489018152 → 200 (3ms, ?B)
[2026-08-25T07:26:05.451Z] GET http://localhost:5177/src/chrome.js?t=1787489018209 → 200 (3ms, ?B)
[2026-08-25T07:26:05.451Z] GET http://localhost:5177/src/hero.js?t=1787489778487 → 200 (4ms, ?B)
[2026-08-25T07:26:05.456Z] GET http://localhost:5177/node_modules/.vite/deps/motion.js?v=8cf2488a → 200 (?ms, -312B)
[2026-08-25T07:26:05.470Z] GET https://fonts.gstatic.com/s/newsreader/v26/cY9CfjOCX1hbuyalUrK439vCjohC.woff2 → 200 (?ms, -816B)
[2026-08-25T07:26:05.470Z] GET https://fonts.gstatic.com/s/newsreader/v26/cY9AfjOCX1hbuyalUrK4397yjA.woff2 → 200 (1ms, -816B)
[2026-08-25T07:26:05.471Z] GET http://localhost:5177/src/bloom/scene.js?t=1787489938677 → 200 (14ms, ?B)
[2026-08-25T07:26:05.486Z] GET http://localhost:5177/node_modules/.vite/deps/three.js?v=8cf2488a → 200 (2ms, -310B)
[2026-08-25T07:26:05.488Z] GET http://localhost:5177/node_modules/.vite/deps/three_examples_jsm_postprocessing_EffectComposer__js.js?v=8cf2488a → 200 (?ms, -310B)
[2026-08-25T07:26:05.488Z] GET http://localhost:5177/node_modules/.vite/deps/three_examples_jsm_postprocessing_RenderPass__js.js?v=8cf2488a → 200 (?ms, -308B)
[2026-08-25T07:26:05.489Z] GET http://localhost:5177/node_modules/.vite/deps/three_examples_jsm_postprocessing_UnrealBloomPass__js.js?v=8cf2488a → 200 (?ms, -310B)
[2026-08-25T07:26:05.489Z] GET http://localhost:5177/node_modules/.vite/deps/three_examples_jsm_postprocessing_ShaderPass__js.js?v=8cf2488a → 200 (?ms, -307B)
[2026-08-25T07:26:05.489Z] GET http://localhost:5177/node_modules/.vite/deps/three_examples_jsm_postprocessing_OutputPass__js.js?v=8cf2488a → 200 (?ms, -309B)
[2026-08-25T07:26:05.489Z] GET http://localhost:5177/src/bloom/textures.js?t=1787488962619 → 200 (4ms, ?B)
[2026-08-25T07:26:05.489Z] GET http://localhost:5177/src/bloom/entity.js?t=1787489938677 → 200 (5ms, ?B)
[2026-08-25T07:26:05.489Z] GET http://localhost:5177/src/bloom/field.js?t=1787488962613 → 200 (5ms, ?B)
[2026-08-25T07:26:05.489Z] GET http://localhost:5177/src/bloom/settle.js?t=1787489778483 → 200 (4ms, ?B)
[2026-08-25T07:26:05.489Z] GET http://localhost:5177/src/bloom/material.js?t=1787489938677 → 200 (5ms, ?B)
[2026-08-25T07:26:05.489Z] GET http://localhost:5177/src/bloom/motif.js → 200 (4ms, ?B)
[2026-08-25T07:26:05.490Z] GET http://localhost:5177/node_modules/.vite/deps/chunk-IT3TP6RZ.js?v=8cf2488a → 200 (?ms, -314B)
[2026-08-25T07:26:05.490Z] GET http://localhost:5177/node_modules/.vite/deps/chunk-NY4Z4LNU.js?v=8cf2488a → 200 (?ms, -307B)
[2026-08-25T07:26:05.490Z] GET http://localhost:5177/node_modules/.vite/deps/chunk-WYHAABFN.js?v=8cf2488a → 200 (?ms, -308B)
[2026-08-25T07:26:05.490Z] GET http://localhost:5177/node_modules/.vite/deps/chunk-IEZS3O2Z.js?v=8cf2488a → 200 (?ms, -308B)
[2026-08-25T07:26:36.072Z] GET http://localhost:5177/ → 200 (6ms, ?B)
[2026-08-25T07:27:15.549Z] GET http://localhost:5177/@vite/client → 200 (4ms, ?B)
[2026-08-25T07:27:15.550Z] GET https://fonts.googleapis.com/css2?family=Newsreader:ital,opsz,wght@0,6..72,200..400;1,6..72,200..300&display=swap → 200 (?ms, -743B)
[2026-08-25T07:27:15.550Z] GET http://localhost:5177/assets/bloom-still.svg → 304 (2ms, ?B)
[2026-08-25T07:27:15.550Z] GET http://localhost:5177/src/main.js?t=1787489938677 → 200 (3ms, ?B)
[2026-08-25T07:27:15.553Z] GET http://localhost:5177/src/styles/watl.css?t=1787489018152 → 200 (2ms, ?B)
[2026-08-25T07:27:15.553Z] GET http://localhost:5177/src/chrome.js?t=1787489018209 → 200 (2ms, ?B)
[2026-08-25T07:27:15.553Z] GET http://localhost:5177/src/hero.js?t=1787489778487 → 200 (3ms, ?B)
[2026-08-25T07:27:15.553Z] GET http://localhost:5177/node_modules/vite/dist/client/env.mjs → 200 (2ms, ?B)
[2026-08-25T07:27:15.556Z] GET http://localhost:5177/node_modules/.vite/deps/motion.js?v=8cf2488a → 200 (?ms, -312B)
[2026-08-25T07:27:15.571Z] GET https://fonts.gstatic.com/s/newsreader/v26/cY9CfjOCX1hbuyalUrK439vCjohC.woff2 → 200 (1ms, -816B)
[2026-08-25T07:27:15.572Z] GET https://fonts.gstatic.com/s/newsreader/v26/cY9AfjOCX1hbuyalUrK4397yjA.woff2 → 200 (?ms, -816B)
[2026-08-25T07:27:15.572Z] GET http://localhost:5177/src/bloom/scene.js?t=1787489938677 → 200 (5ms, ?B)
[2026-08-25T07:27:15.578Z] GET http://localhost:5177/node_modules/.vite/deps/three.js?v=8cf2488a → 200 (?ms, -310B)
[2026-08-25T07:27:15.578Z] GET http://localhost:5177/node_modules/.vite/deps/three_examples_jsm_postprocessing_EffectComposer__js.js?v=8cf2488a → 200 (?ms, -310B)
[2026-08-25T07:27:15.579Z] GET http://localhost:5177/node_modules/.vite/deps/three_examples_jsm_postprocessing_RenderPass__js.js?v=8cf2488a → 200 (?ms, -308B)
[2026-08-25T07:27:15.579Z] GET http://localhost:5177/node_modules/.vite/deps/three_examples_jsm_postprocessing_UnrealBloomPass__js.js?v=8cf2488a → 200 (?ms, -310B)
[2026-08-25T07:27:15.579Z] GET http://localhost:5177/node_modules/.vite/deps/three_examples_jsm_postprocessing_ShaderPass__js.js?v=8cf2488a → 200 (?ms, -307B)
[2026-08-25T07:27:15.579Z] GET http://localhost:5177/node_modules/.vite/deps/three_examples_jsm_postprocessing_OutputPass__js.js?v=8cf2488a → 200 (?ms, -309B)
[2026-08-25T07:27:15.580Z] GET http://localhost:5177/src/bloom/textures.js?t=1787488962619 → 200 (3ms, ?B)
[2026-08-25T07:27:15.580Z] GET http://localhost:5177/src/bloom/entity.js?t=1787489938677 → 200 (3ms, ?B)
[2026-08-25T07:27:15.580Z] GET http://localhost:5177/src/bloom/field.js?t=1787488962613 → 200 (3ms, ?B)
[2026-08-25T07:27:15.580Z] GET http://localhost:5177/src/bloom/settle.js?t=1787489778483 → 200 (3ms, ?B)
[2026-08-25T07:27:15.581Z] GET http://localhost:5177/src/bloom/material.js?t=1787489938677 → 200 (2ms, ?B)
[2026-08-25T07:27:15.581Z] GET http://localhost:5177/src/bloom/motif.js → 200 (2ms, ?B)
[2026-08-25T07:27:15.581Z] GET http://localhost:5177/node_modules/.vite/deps/chunk-IT3TP6RZ.js?v=8cf2488a → 200 (?ms, -314B)
[2026-08-25T07:27:15.581Z] GET http://localhost:5177/node_modules/.vite/deps/chunk-NY4Z4LNU.js?v=8cf2488a → 200 (?ms, -307B)
[2026-08-25T07:27:15.581Z] GET http://localhost:5177/node_modules/.vite/deps/chunk-WYHAABFN.js?v=8cf2488a → 200 (?ms, -308B)
[2026-08-25T07:27:15.581Z] GET http://localhost:5177/node_modules/.vite/deps/chunk-IEZS3O2Z.js?v=8cf2488a → 200 (?ms, -308B)
[2026-08-25T07:27:47.373Z] GET http://localhost:5177/ → 200 (4ms, ?B)
[2026-08-25T07:27:47.462Z] GET http://localhost:5177/@vite/client → 200 (6ms, ?B)
[2026-08-25T07:27:47.462Z] GET https://fonts.googleapis.com/css2?family=Newsreader:ital,opsz,wght@0,6..72,200..400;1,6..72,200..300&display=swap → 200 (?ms, -743B)
[2026-08-25T07:27:47.462Z] GET http://localhost:5177/assets/bloom-still.svg → 304 (6ms, ?B)
[2026-08-25T07:27:47.462Z] GET http://localhost:5177/src/main.js?t=1787489938677 → 200 (6ms, ?B)
[2026-08-25T07:27:47.468Z] GET https://fonts.gstatic.com/s/newsreader/v26/cY9CfjOCX1hbuyalUrK439vCjohC.woff2 → 200 (?ms, -816B)
[2026-08-25T07:27:47.468Z] GET https://fonts.gstatic.com/s/newsreader/v26/cY9AfjOCX1hbuyalUrK4397yjA.woff2 → 200 (?ms, -816B)
[2026-08-25T07:27:47.469Z] GET http://localhost:5177/src/styles/watl.css?t=1787489018152 → 200 (1ms, ?B)
[2026-08-25T07:27:47.469Z] GET http://localhost:5177/src/chrome.js?t=1787489018209 → 200 (2ms, ?B)
[2026-08-25T07:27:47.469Z] GET http://localhost:5177/src/hero.js?t=1787489778487 → 200 (3ms, ?B)
[2026-08-25T07:27:47.469Z] GET http://localhost:5177/node_modules/vite/dist/client/env.mjs → 200 (2ms, ?B)
[2026-08-25T07:27:47.472Z] GET http://localhost:5177/node_modules/.vite/deps/motion.js?v=8cf2488a → 200 (?ms, -312B)
[2026-08-25T07:27:47.483Z] GET http://localhost:5177/src/bloom/scene.js?t=1787489938677 → 200 (7ms, ?B)
[2026-08-25T07:27:47.492Z] GET http://localhost:5177/node_modules/.vite/deps/three.js?v=8cf2488a → 200 (?ms, -310B)
[2026-08-25T07:27:47.492Z] GET http://localhost:5177/node_modules/.vite/deps/three_examples_jsm_postprocessing_EffectComposer__js.js?v=8cf2488a → 200 (?ms, -310B)
[2026-08-25T07:27:47.492Z] GET http://localhost:5177/node_modules/.vite/deps/three_examples_jsm_postprocessing_RenderPass__js.js?v=8cf2488a → 200 (?ms, -308B)
[2026-08-25T07:27:47.492Z] GET http://localhost:5177/node_modules/.vite/deps/three_examples_jsm_postprocessing_UnrealBloomPass__js.js?v=8cf2488a → 200 (?ms, -310B)
[2026-08-25T07:27:47.493Z] GET http://localhost:5177/node_modules/.vite/deps/three_examples_jsm_postprocessing_ShaderPass__js.js?v=8cf2488a → 200 (?ms, -307B)
[2026-08-25T07:27:47.493Z] GET http://localhost:5177/node_modules/.vite/deps/three_examples_jsm_postprocessing_OutputPass__js.js?v=8cf2488a → 200 (?ms, -309B)
[2026-08-25T07:27:47.493Z] GET http://localhost:5177/src/bloom/textures.js?t=1787488962619 → 200 (2ms, ?B)
[2026-08-25T07:27:47.493Z] GET http://localhost:5177/src/bloom/entity.js?t=1787489938677 → 200 (3ms, ?B)
[2026-08-25T07:27:47.493Z] GET http://localhost:5177/src/bloom/field.js?t=1787488962613 → 200 (2ms, ?B)
[2026-08-25T07:27:47.493Z] GET http://localhost:5177/src/bloom/settle.js?t=1787489778483 → 200 (2ms, ?B)
[2026-08-25T07:27:47.493Z] GET http://localhost:5177/src/bloom/material.js?t=1787489938677 → 200 (2ms, ?B)
[2026-08-25T07:27:47.493Z] GET http://localhost:5177/src/bloom/motif.js → 200 (2ms, ?B)
[2026-08-25T07:27:47.493Z] GET http://localhost:5177/node_modules/.vite/deps/chunk-IT3TP6RZ.js?v=8cf2488a → 200 (?ms, -314B)
[2026-08-25T07:27:47.493Z] GET http://localhost:5177/node_modules/.vite/deps/chunk-NY4Z4LNU.js?v=8cf2488a → 200 (?ms, -307B)
[2026-08-25T07:27:47.493Z] GET http://localhost:5177/node_modules/.vite/deps/chunk-WYHAABFN.js?v=8cf2488a → 200 (?ms, -308B)
[2026-08-25T07:27:47.493Z] GET http://localhost:5177/node_modules/.vite/deps/chunk-IEZS3O2Z.js?v=8cf2488a → 200 (?ms, -308B)
[2026-08-25T07:27:57.410Z] GET http://localhost:5177/ → 200 (7ms, ?B)
[2026-08-25T07:27:57.534Z] GET http://localhost:5177/@vite/client → 200 (3ms, ?B)
[2026-08-25T07:27:57.534Z] GET https://fonts.googleapis.com/css2?family=Newsreader:ital,opsz,wght@0,6..72,200..400;1,6..72,200..300&display=swap → 200 (?ms, -743B)
[2026-08-25T07:27:57.535Z] GET http://localhost:5177/assets/bloom-still.svg → 304 (1ms, ?B)
[2026-08-25T07:27:57.535Z] GET http://localhost:5177/src/main.js?t=1787489938677 → 200 (2ms, ?B)
[2026-08-25T07:27:57.538Z] GET http://localhost:5177/src/styles/watl.css?t=1787489018152 → 200 (1ms, ?B)
[2026-08-25T07:27:57.538Z] GET http://localhost:5177/src/chrome.js?t=1787489018209 → 200 (2ms, ?B)
[2026-08-25T07:27:57.538Z] GET http://localhost:5177/src/hero.js?t=1787489778487 → 200 (2ms, ?B)
[2026-08-25T07:27:57.538Z] GET http://localhost:5177/node_modules/vite/dist/client/env.mjs → 200 (1ms, ?B)
[2026-08-25T07:27:57.541Z] GET http://localhost:5177/node_modules/.vite/deps/motion.js?v=8cf2488a → 200 (?ms, -312B)
[2026-08-25T07:27:57.560Z] GET https://fonts.gstatic.com/s/newsreader/v26/cY9CfjOCX1hbuyalUrK439vCjohC.woff2 → 200 (?ms, -816B)
[2026-08-25T07:27:57.560Z] GET https://fonts.gstatic.com/s/newsreader/v26/cY9AfjOCX1hbuyalUrK4397yjA.woff2 → 200 (?ms, -816B)
[2026-08-25T07:27:57.561Z] GET http://localhost:5177/src/bloom/scene.js?t=1787489938677 → 200 (6ms, ?B)
[2026-08-25T07:27:57.571Z] GET http://localhost:5177/node_modules/.vite/deps/three.js?v=8cf2488a → 200 (?ms, -310B)
[2026-08-25T07:27:57.571Z] GET http://localhost:5177/node_modules/.vite/deps/three_examples_jsm_postprocessing_EffectComposer__js.js?v=8cf2488a → 200 (?ms, -310B)
[2026-08-25T07:27:57.571Z] GET http://localhost:5177/node_modules/.vite/deps/three_examples_jsm_postprocessing_RenderPass__js.js?v=8cf2488a → 200 (?ms, -308B)
[2026-08-25T07:27:57.572Z] GET http://localhost:5177/node_modules/.vite/deps/three_examples_jsm_postprocessing_UnrealBloomPass__js.js?v=8cf2488a → 200 (?ms, -310B)
[2026-08-25T07:27:57.572Z] GET http://localhost:5177/node_modules/.vite/deps/three_examples_jsm_postprocessing_ShaderPass__js.js?v=8cf2488a → 200 (?ms, -307B)
[2026-08-25T07:27:57.572Z] GET http://localhost:5177/node_modules/.vite/deps/three_examples_jsm_postprocessing_OutputPass__js.js?v=8cf2488a → 200 (?ms, -309B)
[2026-08-25T07:27:57.572Z] GET http://localhost:5177/src/bloom/textures.js?t=1787488962619 → 200 (3ms, ?B)
[2026-08-25T07:27:57.572Z] GET http://localhost:5177/src/bloom/entity.js?t=1787489938677 → 200 (3ms, ?B)
[2026-08-25T07:27:57.572Z] GET http://localhost:5177/src/bloom/field.js?t=1787488962613 → 200 (4ms, ?B)
[2026-08-25T07:27:57.572Z] GET http://localhost:5177/src/bloom/settle.js?t=1787489778483 → 200 (3ms, ?B)
[2026-08-25T07:27:57.572Z] GET http://localhost:5177/src/bloom/material.js?t=1787489938677 → 200 (3ms, ?B)
[2026-08-25T07:27:57.572Z] GET http://localhost:5177/src/bloom/motif.js → 200 (3ms, ?B)
[2026-08-25T07:27:57.572Z] GET http://localhost:5177/node_modules/.vite/deps/chunk-IT3TP6RZ.js?v=8cf2488a → 200 (?ms, -314B)
[2026-08-25T07:27:57.572Z] GET http://localhost:5177/node_modules/.vite/deps/chunk-NY4Z4LNU.js?v=8cf2488a → 200 (?ms, -307B)
[2026-08-25T07:27:57.572Z] GET http://localhost:5177/node_modules/.vite/deps/chunk-WYHAABFN.js?v=8cf2488a → 200 (?ms, -308B)
[2026-08-25T07:27:57.573Z] GET http://localhost:5177/node_modules/.vite/deps/chunk-IEZS3O2Z.js?v=8cf2488a → 200 (?ms, -308B)
[2026-08-25T07:28:40.709Z] GET http://localhost:5177/ → 200 (5ms, ?B)
[2026-08-25T07:28:40.771Z] GET http://localhost:5177/@vite/client → 200 (2ms, ?B)
[2026-08-25T07:28:40.771Z] GET https://fonts.googleapis.com/css2?family=Newsreader:ital,opsz,wght@0,6..72,200..400;1,6..72,200..300&display=swap → 200 (?ms, -743B)
[2026-08-25T07:28:40.771Z] GET http://localhost:5177/assets/bloom-still.svg → 304 (1ms, ?B)
[2026-08-25T07:28:40.771Z] GET http://localhost:5177/src/main.js?t=1787489938677 → 200 (2ms, ?B)
[2026-08-25T07:28:40.773Z] GET http://localhost:5177/src/styles/watl.css?t=1787489018152 → 200 (1ms, ?B)
[2026-08-25T07:28:40.773Z] GET http://localhost:5177/src/chrome.js?t=1787489018209 → 200 (2ms, ?B)
[2026-08-25T07:28:40.773Z] GET http://localhost:5177/src/hero.js?t=1787489778487 → 200 (3ms, ?B)
[2026-08-25T07:28:40.773Z] GET http://localhost:5177/node_modules/vite/dist/client/env.mjs → 200 (2ms, ?B)
[2026-08-25T07:28:40.776Z] GET http://localhost:5177/node_modules/.vite/deps/motion.js?v=8cf2488a → 200 (?ms, -312B)
[2026-08-25T07:28:40.791Z] GET https://fonts.gstatic.com/s/newsreader/v26/cY9CfjOCX1hbuyalUrK439vCjohC.woff2 → 200 (?ms, -816B)
[2026-08-25T07:28:40.791Z] GET https://fonts.gstatic.com/s/newsreader/v26/cY9AfjOCX1hbuyalUrK4397yjA.woff2 → 200 (?ms, -816B)
[2026-08-25T07:28:40.791Z] GET http://localhost:5177/src/bloom/scene.js?t=1787489938677 → 200 (6ms, ?B)
[2026-08-25T07:28:40.798Z] GET http://localhost:5177/node_modules/.vite/deps/three.js?v=8cf2488a → 200 (?ms, -310B)
[2026-08-25T07:28:40.798Z] GET http://localhost:5177/node_modules/.vite/deps/three_examples_jsm_postprocessing_EffectComposer__js.js?v=8cf2488a → 200 (?ms, -310B)
[2026-08-25T07:28:40.799Z] GET http://localhost:5177/node_modules/.vite/deps/three_examples_jsm_postprocessing_RenderPass__js.js?v=8cf2488a → 200 (?ms, -308B)
[2026-08-25T07:28:40.799Z] GET http://localhost:5177/node_modules/.vite/deps/three_examples_jsm_postprocessing_UnrealBloomPass__js.js?v=8cf2488a → 200 (?ms, -310B)
[2026-08-25T07:28:40.799Z] GET http://localhost:5177/node_modules/.vite/deps/three_examples_jsm_postprocessing_ShaderPass__js.js?v=8cf2488a → 200 (?ms, -307B)
[2026-08-25T07:28:40.799Z] GET http://localhost:5177/node_modules/.vite/deps/three_examples_jsm_postprocessing_OutputPass__js.js?v=8cf2488a → 200 (?ms, -309B)
[2026-08-25T07:28:40.799Z] GET http://localhost:5177/src/bloom/textures.js?t=1787488962619 → 200 (3ms, ?B)
[2026-08-25T07:28:40.799Z] GET http://localhost:5177/src/bloom/entity.js?t=1787489938677 → 200 (5ms, ?B)
[2026-08-25T07:28:40.799Z] GET http://localhost:5177/src/bloom/field.js?t=1787488962613 → 200 (4ms, ?B)
[2026-08-25T07:28:40.799Z] GET http://localhost:5177/src/bloom/settle.js?t=1787489778483 → 200 (4ms, ?B)
[2026-08-25T07:28:40.799Z] GET http://localhost:5177/src/bloom/material.js?t=1787489938677 → 200 (4ms, ?B)
[2026-08-25T07:28:40.799Z] GET http://localhost:5177/src/bloom/motif.js → 200 (3ms, ?B)
[2026-08-25T07:28:40.800Z] GET http://localhost:5177/node_modules/.vite/deps/chunk-IT3TP6RZ.js?v=8cf2488a → 200 (?ms, -314B)
[2026-08-25T07:28:40.801Z] GET http://localhost:5177/node_modules/.vite/deps/chunk-NY4Z4LNU.js?v=8cf2488a → 200 (?ms, -307B)
[2026-08-25T07:28:40.801Z] GET http://localhost:5177/node_modules/.vite/deps/chunk-WYHAABFN.js?v=8cf2488a → 200 (?ms, -308B)
[2026-08-25T07:28:40.801Z] GET http://localhost:5177/node_modules/.vite/deps/chunk-IEZS3O2Z.js?v=8cf2488a → 200 (?ms, -308B)
[2026-08-25T07:29:18.774Z] GET http://localhost:5177/index.html → 200 (7ms, 14514B)
[2026-08-25T07:29:18.870Z] GET http://localhost:5177/@vite/client → 200 (3ms, ?B)
[2026-08-25T07:29:18.870Z] GET https://fonts.googleapis.com/css2?family=Newsreader:ital,opsz,wght@0,6..72,200..400;1,6..72,200..300&display=swap → 200 (?ms, -743B)
[2026-08-25T07:29:18.870Z] GET http://localhost:5177/assets/bloom-still.svg → 304 (1ms, ?B)
[2026-08-25T07:29:18.870Z] GET http://localhost:5177/src/main.js?t=1787489938677 → 200 (2ms, ?B)
[2026-08-25T07:29:18.874Z] GET http://localhost:5177/src/styles/watl.css?t=1787489018152 → 200 (7ms, ?B)
[2026-08-25T07:29:18.874Z] GET http://localhost:5177/src/chrome.js?t=1787489018209 → 200 (8ms, ?B)
[2026-08-25T07:29:18.874Z] GET http://localhost:5177/src/hero.js?t=1787489778487 → 200 (8ms, ?B)
[2026-08-25T07:29:18.874Z] GET http://localhost:5177/node_modules/vite/dist/client/env.mjs → 200 (8ms, ?B)
[2026-08-25T07:29:18.880Z] GET https://fonts.gstatic.com/s/newsreader/v26/cY9CfjOCX1hbuyalUrK439vCjohC.woff2 → 200 (?ms, -816B)
[2026-08-25T07:29:18.881Z] GET https://fonts.gstatic.com/s/newsreader/v26/cY9AfjOCX1hbuyalUrK4397yjA.woff2 → 200 (?ms, -816B)
[2026-08-25T07:29:18.885Z] GET http://localhost:5177/node_modules/.vite/deps/motion.js?v=8cf2488a → 200 (?ms, -312B)
[2026-08-25T07:29:18.901Z] GET http://localhost:5177/src/bloom/scene.js?t=1787489938677 → 200 (8ms, ?B)
[2026-08-25T07:29:18.962Z] GET http://localhost:5177/node_modules/.vite/deps/three.js?v=8cf2488a → 200 (?ms, -310B)
[2026-08-25T07:29:18.963Z] GET http://localhost:5177/node_modules/.vite/deps/three_examples_jsm_postprocessing_EffectComposer__js.js?v=8cf2488a → 200 (?ms, -310B)
[2026-08-25T07:29:18.963Z] GET http://localhost:5177/node_modules/.vite/deps/three_examples_jsm_postprocessing_RenderPass__js.js?v=8cf2488a → 200 (?ms, -308B)
[2026-08-25T07:29:18.963Z] GET http://localhost:5177/node_modules/.vite/deps/three_examples_jsm_postprocessing_UnrealBloomPass__js.js?v=8cf2488a → 200 (?ms, -310B)
[2026-08-25T07:29:18.963Z] GET http://localhost:5177/node_modules/.vite/deps/three_examples_jsm_postprocessing_ShaderPass__js.js?v=8cf2488a → 200 (?ms, -307B)
[2026-08-25T07:29:18.963Z] GET http://localhost:5177/node_modules/.vite/deps/three_examples_jsm_postprocessing_OutputPass__js.js?v=8cf2488a → 200 (?ms, -309B)
[2026-08-25T07:29:18.963Z] GET http://localhost:5177/src/bloom/textures.js?t=1787488962619 → pending (?ms, ?B)
[2026-08-25T07:29:18.963Z] GET http://localhost:5177/src/bloom/entity.js?t=1787489938677 → pending (?ms, ?B)
[2026-08-25T07:29:18.963Z] GET http://localhost:5177/src/bloom/field.js?t=1787488962613 → pending (?ms, ?B)
[2026-08-25T07:29:18.963Z] GET http://localhost:5177/src/bloom/settle.js?t=1787489778483 → pending (?ms, ?B)
[2026-08-25T07:29:18.963Z] GET http://localhost:5177/src/bloom/material.js?t=1787489938677 → pending (?ms, ?B)
[2026-08-25T07:29:18.963Z] GET http://localhost:5177/src/bloom/motif.js → pending (?ms, ?B)
[2026-08-25T07:29:18.964Z] GET http://localhost:5177/node_modules/.vite/deps/chunk-IT3TP6RZ.js?v=8cf2488a → 200 (?ms, -314B)
[2026-08-25T07:29:18.964Z] GET http://localhost:5177/node_modules/.vite/deps/chunk-NY4Z4LNU.js?v=8cf2488a → 200 (?ms, -307B)
[2026-08-25T07:29:18.965Z] GET http://localhost:5177/node_modules/.vite/deps/chunk-WYHAABFN.js?v=8cf2488a → 200 (?ms, -308B)
[2026-08-25T07:29:18.965Z] GET http://localhost:5177/node_modules/.vite/deps/chunk-IEZS3O2Z.js?v=8cf2488a → 200 (?ms, -308B)
[2026-08-25T07:29:22.399Z] GET http://localhost:5177/approach.html → 200 (6ms, 13731B)
[2026-08-25T07:29:22.539Z] GET http://localhost:5177/@vite/client → 200 (3ms, ?B)
[2026-08-25T07:29:22.539Z] GET https://fonts.googleapis.com/css2?family=Newsreader:ital,opsz,wght@0,6..72,200..400;1,6..72,200..300&display=swap → 200 (?ms, -743B)
[2026-08-25T07:29:22.539Z] GET http://localhost:5177/src/main.js?t=1787489938677 → 200 (2ms, ?B)
[2026-08-25T07:29:22.541Z] GET http://localhost:5177/src/styles/watl.css?t=1787489018152 → 200 (10ms, ?B)
[2026-08-25T07:29:22.541Z] GET http://localhost:5177/src/chrome.js?t=1787489018209 → 200 (10ms, ?B)
[2026-08-25T07:29:22.541Z] GET http://localhost:5177/src/hero.js?t=1787489778487 → 200 (10ms, ?B)
[2026-08-25T07:29:22.549Z] GET https://fonts.gstatic.com/s/newsreader/v26/cY9CfjOCX1hbuyalUrK439vCjohC.woff2 → 200 (?ms, -816B)
[2026-08-25T07:29:22.550Z] GET https://fonts.gstatic.com/s/newsreader/v26/cY9AfjOCX1hbuyalUrK4397yjA.woff2 → 200 (?ms, -816B)
[2026-08-25T07:29:22.551Z] GET http://localhost:5177/node_modules/vite/dist/client/env.mjs → 200 (3ms, ?B)
[2026-08-25T07:29:22.551Z] GET http://localhost:5177/node_modules/.vite/deps/motion.js?v=8cf2488a → 200 (?ms, -312B)
[2026-08-25T07:29:25.544Z] GET http://localhost:5177/work.html → 200 (4ms, 12526B)
[2026-08-25T07:29:25.552Z] GET http://localhost:5177/@vite/client → 304 (1ms, ?B)
[2026-08-25T07:29:25.552Z] GET https://fonts.googleapis.com/css2?family=Newsreader:ital,opsz,wght@0,6..72,200..400;1,6..72,200..300&display=swap → 200 (1ms, -743B)
[2026-08-25T07:29:25.553Z] GET http://localhost:5177/src/main.js?t=1787489938677 → 304 (?ms, ?B)
[2026-08-25T07:29:25.554Z] GET http://localhost:5177/node_modules/vite/dist/client/env.mjs → 304 (1ms, ?B)
[2026-08-25T07:29:25.554Z] GET http://localhost:5177/src/styles/watl.css?t=1787489018152 → 304 (2ms, ?B)
[2026-08-25T07:29:25.554Z] GET http://localhost:5177/src/chrome.js?t=1787489018209 → 304 (2ms, ?B)
[2026-08-25T07:29:25.554Z] GET http://localhost:5177/src/hero.js?t=1787489778487 → 304 (3ms, ?B)
[2026-08-25T07:29:25.557Z] GET http://localhost:5177/node_modules/.vite/deps/motion.js?v=8cf2488a → 200 (?ms, -312B)
[2026-08-25T07:29:25.564Z] GET https://fonts.gstatic.com/s/newsreader/v26/cY9CfjOCX1hbuyalUrK439vCjohC.woff2 → 200 (?ms, -816B)
[2026-08-25T07:29:25.564Z] GET https://fonts.gstatic.com/s/newsreader/v26/cY9AfjOCX1hbuyalUrK4397yjA.woff2 → 200 (1ms, -816B)
[2026-08-25T07:29:28.548Z] GET http://localhost:5177/about.html → 200 (5ms, 10134B)
[2026-08-25T07:29:28.557Z] GET http://localhost:5177/@vite/client → 304 (1ms, ?B)
[2026-08-25T07:29:28.557Z] GET https://fonts.googleapis.com/css2?family=Newsreader:ital,opsz,wght@0,6..72,200..400;1,6..72,200..300&display=swap → 200 (?ms, -743B)
[2026-08-25T07:29:28.558Z] GET http://localhost:5177/src/main.js?t=1787489938677 → 304 (?ms, ?B)
[2026-08-25T07:29:28.561Z] GET https://fonts.gstatic.com/s/newsreader/v26/cY9CfjOCX1hbuyalUrK439vCjohC.woff2 → 200 (?ms, -816B)
[2026-08-25T07:29:28.561Z] GET https://fonts.gstatic.com/s/newsreader/v26/cY9AfjOCX1hbuyalUrK4397yjA.woff2 → 200 (1ms, -816B)
[2026-08-25T07:29:28.562Z] GET http://localhost:5177/node_modules/vite/dist/client/env.mjs → 304 (1ms, ?B)
[2026-08-25T07:29:28.562Z] GET http://localhost:5177/src/styles/watl.css?t=1787489018152 → 304 (2ms, ?B)
[2026-08-25T07:29:28.562Z] GET http://localhost:5177/src/chrome.js?t=1787489018209 → 304 (2ms, ?B)
[2026-08-25T07:29:28.562Z] GET http://localhost:5177/src/hero.js?t=1787489778487 → 304 (2ms, ?B)
[2026-08-25T07:29:28.565Z] GET http://localhost:5177/node_modules/.vite/deps/motion.js?v=8cf2488a → 200 (?ms, -312B)
[2026-08-25T07:29:31.533Z] GET http://localhost:5177/contact.html → 200 (4ms, 7782B)
[2026-08-25T07:29:31.541Z] GET http://localhost:5177/@vite/client → 304 (?ms, ?B)
[2026-08-25T07:29:31.541Z] GET https://fonts.googleapis.com/css2?family=Newsreader:ital,opsz,wght@0,6..72,200..400;1,6..72,200..300&display=swap → 200 (?ms, -743B)
[2026-08-25T07:29:31.541Z] GET http://localhost:5177/src/main.js?t=1787489938677 → 304 (?ms, ?B)
[2026-08-25T07:29:31.564Z] GET https://fonts.gstatic.com/s/newsreader/v26/cY9CfjOCX1hbuyalUrK439vCjohC.woff2 → 200 (?ms, -816B)
[2026-08-25T07:29:31.564Z] GET https://fonts.gstatic.com/s/newsreader/v26/cY9AfjOCX1hbuyalUrK4397yjA.woff2 → 200 (?ms, -816B)
[2026-08-25T07:29:31.565Z] GET http://localhost:5177/node_modules/vite/dist/client/env.mjs → 304 (1ms, ?B)
[2026-08-25T07:29:31.565Z] GET http://localhost:5177/src/styles/watl.css?t=1787489018152 → 304 (1ms, ?B)
[2026-08-25T07:29:31.565Z] GET http://localhost:5177/src/chrome.js?t=1787489018209 → 304 (2ms, ?B)
[2026-08-25T07:29:31.565Z] GET http://localhost:5177/src/hero.js?t=1787489778487 → 304 (2ms, ?B)
[2026-08-25T07:29:31.568Z] GET http://localhost:5177/node_modules/.vite/deps/motion.js?v=8cf2488a → 200 (?ms, -312B)
[2026-08-25T07:29:34.560Z] GET http://localhost:5177/404.html → 200 (5ms, 5248B)
[2026-08-25T07:29:34.569Z] GET http://localhost:5177/@vite/client → 304 (1ms, ?B)
[2026-08-25T07:29:34.569Z] GET https://fonts.googleapis.com/css2?family=Newsreader:ital,opsz,wght@0,6..72,200..400;1,6..72,200..300&display=swap → 200 (?ms, -743B)
[2026-08-25T07:29:34.569Z] GET http://localhost:5177/src/main.js?t=1787489938677 → 304 (1ms, ?B)
[2026-08-25T07:29:34.571Z] GET http://localhost:5177/node_modules/vite/dist/client/env.mjs → 304 (?ms, ?B)
[2026-08-25T07:29:34.571Z] GET http://localhost:5177/src/styles/watl.css?t=1787489018152 → 304 (1ms, ?B)
[2026-08-25T07:29:34.571Z] GET http://localhost:5177/src/chrome.js?t=1787489018209 → 304 (2ms, ?B)
[2026-08-25T07:29:34.571Z] GET http://localhost:5177/src/hero.js?t=1787489778487 → 304 (2ms, ?B)
[2026-08-25T07:29:34.574Z] GET http://localhost:5177/node_modules/.vite/deps/motion.js?v=8cf2488a → 200 (?ms, -312B)
[2026-08-25T07:29:34.576Z] GET https://fonts.gstatic.com/s/newsreader/v26/cY9CfjOCX1hbuyalUrK439vCjohC.woff2 → 200 (?ms, -816B)
[2026-08-25T07:29:34.576Z] GET https://fonts.gstatic.com/s/newsreader/v26/cY9AfjOCX1hbuyalUrK4397yjA.woff2 → 200 (?ms, -816B)
[2026-08-25T07:29:53.484Z] GET http://localhost:5177/approach.html → 200 (5ms, ?B)
[2026-08-25T07:29:53.492Z] GET http://localhost:5177/@vite/client → 200 (2ms, ?B)
[2026-08-25T07:29:53.492Z] GET https://fonts.googleapis.com/css2?family=Newsreader:ital,opsz,wght@0,6..72,200..400;1,6..72,200..300&display=swap → 200 (?ms, -743B)
[2026-08-25T07:29:53.493Z] GET http://localhost:5177/src/main.js?t=1787489938677 → 200 (?ms, ?B)
[2026-08-25T07:29:53.494Z] GET http://localhost:5177/src/styles/watl.css?t=1787489018152 → 200 (2ms, ?B)
[2026-08-25T07:29:53.494Z] GET http://localhost:5177/src/chrome.js?t=1787489018209 → 200 (2ms, ?B)
[2026-08-25T07:29:53.494Z] GET http://localhost:5177/src/hero.js?t=1787489778487 → 200 (3ms, ?B)
[2026-08-25T07:29:53.494Z] GET http://localhost:5177/node_modules/vite/dist/client/env.mjs → 200 (2ms, ?B)
[2026-08-25T07:29:53.497Z] GET http://localhost:5177/node_modules/.vite/deps/motion.js?v=8cf2488a → 200 (?ms, -312B)
[2026-08-25T07:29:53.507Z] GET https://fonts.gstatic.com/s/newsreader/v26/cY9CfjOCX1hbuyalUrK439vCjohC.woff2 → 200 (?ms, -816B)
[2026-08-25T07:29:53.507Z] GET https://fonts.gstatic.com/s/newsreader/v26/cY9AfjOCX1hbuyalUrK4397yjA.woff2 → 200 (?ms, -816B)
[2026-08-25T07:30:05.083Z] GET http://localhost:5177/work.html → 200 (5ms, ?B)
[2026-08-25T07:30:05.091Z] GET http://localhost:5177/@vite/client → 304 (1ms, ?B)
[2026-08-25T07:30:05.091Z] GET https://fonts.googleapis.com/css2?family=Newsreader:ital,opsz,wght@0,6..72,200..400;1,6..72,200..300&display=swap → 200 (1ms, -743B)
[2026-08-25T07:30:05.092Z] GET http://localhost:5177/src/main.js?t=1787489938677 → 304 (1ms, ?B)
[2026-08-25T07:30:05.093Z] GET http://localhost:5177/node_modules/vite/dist/client/env.mjs → 304 (2ms, ?B)
[2026-08-25T07:30:05.093Z] GET http://localhost:5177/src/styles/watl.css?t=1787489018152 → 304 (2ms, ?B)
[2026-08-25T07:30:05.093Z] GET http://localhost:5177/src/chrome.js?t=1787489018209 → 304 (2ms, ?B)
[2026-08-25T07:30:05.093Z] GET http://localhost:5177/src/hero.js?t=1787489778487 → 304 (2ms, ?B)
[2026-08-25T07:30:05.096Z] GET http://localhost:5177/node_modules/.vite/deps/motion.js?v=8cf2488a → 200 (?ms, -312B)
[2026-08-25T07:30:05.101Z] GET https://fonts.gstatic.com/s/newsreader/v26/cY9CfjOCX1hbuyalUrK439vCjohC.woff2 → 200 (?ms, -816B)
[2026-08-25T07:30:05.101Z] GET https://fonts.gstatic.com/s/newsreader/v26/cY9AfjOCX1hbuyalUrK4397yjA.woff2 → 200 (?ms, -816B)
[2026-08-25T07:30:15.380Z] GET http://localhost:5177/about.html → 200 (6ms, ?B)
[2026-08-25T07:30:15.390Z] GET http://localhost:5177/@vite/client → 304 (4ms, ?B)
[2026-08-25T07:30:15.390Z] GET https://fonts.googleapis.com/css2?family=Newsreader:ital,opsz,wght@0,6..72,200..400;1,6..72,200..300&display=swap → 200 (1ms, -743B)
[2026-08-25T07:30:15.391Z] GET http://localhost:5177/src/main.js?t=1787489938677 → 304 (4ms, ?B)
[2026-08-25T07:30:15.393Z] GET https://fonts.gstatic.com/s/newsreader/v26/cY9CfjOCX1hbuyalUrK439vCjohC.woff2 → 200 (1ms, -816B)
[2026-08-25T07:30:15.394Z] GET https://fonts.gstatic.com/s/newsreader/v26/cY9AfjOCX1hbuyalUrK4397yjA.woff2 → 200 (?ms, -816B)
[2026-08-25T07:30:15.395Z] GET http://localhost:5177/node_modules/vite/dist/client/env.mjs → 304 (2ms, ?B)
[2026-08-25T07:30:15.395Z] GET http://localhost:5177/src/styles/watl.css?t=1787489018152 → 304 (3ms, ?B)
[2026-08-25T07:30:15.395Z] GET http://localhost:5177/src/chrome.js?t=1787489018209 → 304 (3ms, ?B)
[2026-08-25T07:30:15.395Z] GET http://localhost:5177/src/hero.js?t=1787489778487 → 304 (3ms, ?B)
[2026-08-25T07:30:15.400Z] GET http://localhost:5177/node_modules/.vite/deps/motion.js?v=8cf2488a → 200 (?ms, -312B)
[2026-08-25T07:30:25.322Z] GET http://localhost:5177/contact.html → 200 (4ms, ?B)
[2026-08-25T07:30:25.329Z] GET http://localhost:5177/@vite/client → 200 (3ms, ?B)
[2026-08-25T07:30:25.329Z] GET https://fonts.googleapis.com/css2?family=Newsreader:ital,opsz,wght@0,6..72,200..400;1,6..72,200..300&display=swap → 200 (?ms, -743B)
[2026-08-25T07:30:25.330Z] GET http://localhost:5177/src/main.js?t=1787489938677 → 200 (2ms, ?B)
[2026-08-25T07:30:25.332Z] GET http://localhost:5177/src/styles/watl.css?t=1787489018152 → 200 (2ms, ?B)
[2026-08-25T07:30:25.332Z] GET http://localhost:5177/src/chrome.js?t=1787489018209 → 200 (3ms, ?B)
[2026-08-25T07:30:25.332Z] GET http://localhost:5177/src/hero.js?t=1787489778487 → 200 (4ms, ?B)
[2026-08-25T07:30:25.333Z] GET http://localhost:5177/node_modules/vite/dist/client/env.mjs → 200 (2ms, ?B)
[2026-08-25T07:30:25.336Z] GET http://localhost:5177/node_modules/.vite/deps/motion.js?v=8cf2488a → 200 (?ms, -312B)
[2026-08-25T07:30:25.340Z] GET https://fonts.gstatic.com/s/newsreader/v26/cY9CfjOCX1hbuyalUrK439vCjohC.woff2 → 200 (?ms, -816B)
[2026-08-25T07:30:25.340Z] GET https://fonts.gstatic.com/s/newsreader/v26/cY9AfjOCX1hbuyalUrK4397yjA.woff2 → 200 (?ms, -816B)
[2026-08-25T07:30:33.245Z] GET http://localhost:5177/404.html → 200 (4ms, ?B)
[2026-08-25T07:30:33.253Z] GET http://localhost:5177/@vite/client → 304 (?ms, ?B)
[2026-08-25T07:30:33.253Z] GET https://fonts.googleapis.com/css2?family=Newsreader:ital,opsz,wght@0,6..72,200..400;1,6..72,200..300&display=swap → 200 (?ms, -743B)
[2026-08-25T07:30:33.253Z] GET http://localhost:5177/src/main.js?t=1787489938677 → 304 (1ms, ?B)
[2026-08-25T07:30:33.254Z] GET http://localhost:5177/node_modules/vite/dist/client/env.mjs → 304 (3ms, ?B)
[2026-08-25T07:30:33.254Z] GET http://localhost:5177/src/styles/watl.css?t=1787489018152 → 304 (3ms, ?B)
[2026-08-25T07:30:33.254Z] GET http://localhost:5177/src/chrome.js?t=1787489018209 → 304 (3ms, ?B)
[2026-08-25T07:30:33.254Z] GET http://localhost:5177/src/hero.js?t=1787489778487 → 304 (4ms, ?B)
[2026-08-25T07:30:33.256Z] GET https://fonts.gstatic.com/s/newsreader/v26/cY9CfjOCX1hbuyalUrK439vCjohC.woff2 → 200 (1ms, -816B)
[2026-08-25T07:30:33.257Z] GET https://fonts.gstatic.com/s/newsreader/v26/cY9AfjOCX1hbuyalUrK4397yjA.woff2 → 200 (?ms, -816B)
[2026-08-25T07:30:33.258Z] GET http://localhost:5177/node_modules/.vite/deps/motion.js?v=8cf2488a → 200 (?ms, -312B)
[2026-08-25T07:30:55.519Z] GET http://localhost:5177/index.html → 200 (6ms, ?B)
[2026-08-25T07:30:55.528Z] GET http://localhost:5177/@vite/client → 200 (5ms, ?B)
[2026-08-25T07:30:55.529Z] GET https://fonts.googleapis.com/css2?family=Newsreader:ital,opsz,wght@0,6..72,200..400;1,6..72,200..300&display=swap → 200 (?ms, -743B)
[2026-08-25T07:30:55.529Z] GET http://localhost:5177/assets/bloom-still.svg → 200 (3ms, ?B)
[2026-08-25T07:30:55.529Z] GET http://localhost:5177/src/main.js?t=1787489938677 → 200 (4ms, ?B)
[2026-08-25T07:30:55.533Z] GET http://localhost:5177/src/styles/watl.css?t=1787489018152 → 200 (2ms, ?B)
[2026-08-25T07:30:55.533Z] GET http://localhost:5177/src/chrome.js?t=1787489018209 → 200 (3ms, ?B)
[2026-08-25T07:30:55.533Z] GET http://localhost:5177/src/hero.js?t=1787489778487 → 200 (3ms, ?B)
[2026-08-25T07:30:55.533Z] GET http://localhost:5177/node_modules/vite/dist/client/env.mjs → 200 (3ms, ?B)
[2026-08-25T07:30:55.536Z] GET http://localhost:5177/node_modules/.vite/deps/motion.js?v=8cf2488a → 200 (?ms, -312B)
[2026-08-25T07:30:55.552Z] GET https://fonts.gstatic.com/s/newsreader/v26/cY9CfjOCX1hbuyalUrK439vCjohC.woff2 → 200 (?ms, -816B)
[2026-08-25T07:30:55.553Z] GET https://fonts.gstatic.com/s/newsreader/v26/cY9AfjOCX1hbuyalUrK4397yjA.woff2 → 200 (?ms, -816B)
[2026-08-25T07:30:55.553Z] GET http://localhost:5177/src/bloom/scene.js?t=1787489938677 → 200 (6ms, ?B)
[2026-08-25T07:30:55.560Z] GET http://localhost:5177/node_modules/.vite/deps/three.js?v=8cf2488a → 200 (?ms, -310B)
[2026-08-25T07:30:55.561Z] GET http://localhost:5177/node_modules/.vite/deps/three_examples_jsm_postprocessing_EffectComposer__js.js?v=8cf2488a → 200 (?ms, -310B)
[2026-08-25T07:30:55.561Z] GET http://localhost:5177/node_modules/.vite/deps/three_examples_jsm_postprocessing_RenderPass__js.js?v=8cf2488a → 200 (?ms, -308B)
[2026-08-25T07:30:55.561Z] GET http://localhost:5177/node_modules/.vite/deps/three_examples_jsm_postprocessing_UnrealBloomPass__js.js?v=8cf2488a → 200 (?ms, -310B)
[2026-08-25T07:30:55.561Z] GET http://localhost:5177/node_modules/.vite/deps/three_examples_jsm_postprocessing_ShaderPass__js.js?v=8cf2488a → 200 (?ms, -307B)
[2026-08-25T07:30:55.561Z] GET http://localhost:5177/node_modules/.vite/deps/three_examples_jsm_postprocessing_OutputPass__js.js?v=8cf2488a → 200 (?ms, -309B)
[2026-08-25T07:30:55.561Z] GET http://localhost:5177/src/bloom/textures.js?t=1787488962619 → 200 (5ms, ?B)
[2026-08-25T07:30:55.561Z] GET http://localhost:5177/src/bloom/entity.js?t=1787489938677 → 200 (5ms, ?B)
[2026-08-25T07:30:55.561Z] GET http://localhost:5177/src/bloom/field.js?t=1787488962613 → 200 (5ms, ?B)
[2026-08-25T07:30:55.561Z] GET http://localhost:5177/src/bloom/settle.js?t=1787489778483 → 200 (5ms, ?B)
[2026-08-25T07:30:55.561Z] GET http://localhost:5177/src/bloom/material.js?t=1787489938677 → 200 (5ms, ?B)
[2026-08-25T07:30:55.561Z] GET http://localhost:5177/src/bloom/motif.js → 200 (5ms, ?B)
[2026-08-25T07:30:55.562Z] GET http://localhost:5177/node_modules/.vite/deps/chunk-IT3TP6RZ.js?v=8cf2488a → 200 (?ms, -314B)
[2026-08-25T07:30:55.562Z] GET http://localhost:5177/node_modules/.vite/deps/chunk-NY4Z4LNU.js?v=8cf2488a → 200 (?ms, -307B)
[2026-08-25T07:30:55.562Z] GET http://localhost:5177/node_modules/.vite/deps/chunk-WYHAABFN.js?v=8cf2488a → 200 (?ms, -308B)
[2026-08-25T07:30:55.562Z] GET http://localhost:5177/node_modules/.vite/deps/chunk-IEZS3O2Z.js?v=8cf2488a → 200 (?ms, -308B)
[2026-08-25T07:31:08.027Z] GET http://localhost:5177/contact.html → 200 (6ms, ?B)
[2026-08-25T07:31:08.065Z] GET http://localhost:5177/@vite/client → 200 (3ms, ?B)
[2026-08-25T07:31:08.065Z] GET https://fonts.googleapis.com/css2?family=Newsreader:ital,opsz,wght@0,6..72,200..400;1,6..72,200..300&display=swap → 200 (?ms, -743B)
[2026-08-25T07:31:08.065Z] GET http://localhost:5177/src/main.js?t=1787489938677 → 200 (1ms, ?B)
[2026-08-25T07:31:08.069Z] GET http://localhost:5177/src/styles/watl.css?t=1787489018152 → 200 (6ms, ?B)
[2026-08-25T07:31:08.069Z] GET http://localhost:5177/src/chrome.js?t=1787489018209 → 200 (7ms, ?B)
[2026-08-25T07:31:08.069Z] GET http://localhost:5177/src/hero.js?t=1787489778487 → 200 (8ms, ?B)
[2026-08-25T07:31:08.069Z] GET http://localhost:5177/node_modules/vite/dist/client/env.mjs → 200 (7ms, ?B)
[2026-08-25T07:31:08.074Z] GET https://fonts.gstatic.com/s/newsreader/v26/cY9CfjOCX1hbuyalUrK439vCjohC.woff2 → 200 (?ms, -816B)
[2026-08-25T07:31:08.074Z] GET https://fonts.gstatic.com/s/newsreader/v26/cY9AfjOCX1hbuyalUrK4397yjA.woff2 → 200 (1ms, -816B)
[2026-08-25T07:31:08.078Z] GET http://localhost:5177/node_modules/.vite/deps/motion.js?v=8cf2488a → 200 (?ms, -312B)
[2026-08-25T07:31:53.247Z] GET http://localhost:4181/ → 200 (9ms, 4707B)
[2026-08-25T07:31:53.260Z] GET https://fonts.googleapis.com/css2?family=Newsreader:ital,opsz,wght@0,6..72,200..400;1,6..72,200..300&display=swap → 200 (?ms, -698B)
[2026-08-25T07:31:53.260Z] GET http://localhost:4181/assets/main-xLDRg9-t.js → 200 (13ms, 29713B)
[2026-08-25T07:31:53.260Z] GET http://localhost:4181/assets/main-Du4-4PIo.css → 200 (3ms, 4248B)
[2026-08-25T07:31:53.260Z] GET http://localhost:4181/assets/bloom-still.svg → 200 (4ms, 8444B)
[2026-08-25T07:31:53.273Z] GET https://fonts.gstatic.com/s/newsreader/v26/cY9AfjOCX1hbuyalUrK4397yjA.woff2 → 200 (14ms, -816B)
[2026-08-25T07:31:53.273Z] GET https://fonts.gstatic.com/s/newsreader/v26/cY9CfjOCX1hbuyalUrK439vCjohC.woff2 → 200 (14ms, -816B)
[2026-08-25T07:31:53.286Z] GET http://localhost:4181/assets/scene-anhgaWrJ.js → 200 (19ms, 149640B)
[2026-08-25T07:32:29.244Z] GET http://localhost:4181/approach.html → 200 (4ms, 4825B)
[2026-08-25T07:32:29.331Z] GET https://fonts.googleapis.com/css2?family=Newsreader:ital,opsz,wght@0,6..72,200..400;1,6..72,200..300&display=swap → 200 (?ms, -698B)
[2026-08-25T07:32:29.331Z] GET http://localhost:4181/assets/main-xLDRg9-t.js → 200 (4ms, ?B)
[2026-08-25T07:32:29.331Z] GET http://localhost:4181/assets/main-Du4-4PIo.css → 200 (2ms, ?B)
[2026-08-25T07:32:29.344Z] GET https://fonts.gstatic.com/s/newsreader/v26/cY9CfjOCX1hbuyalUrK439vCjohC.woff2 → 200 (?ms, -816B)
[2026-08-25T07:32:29.345Z] GET https://fonts.gstatic.com/s/newsreader/v26/cY9AfjOCX1hbuyalUrK4397yjA.woff2 → 200 (?ms, -816B)
[2026-08-25T07:32:52.002Z] GET http://localhost:4181/approach.html → 200 (3ms, ?B)
[2026-08-25T07:32:52.011Z] GET https://fonts.googleapis.com/css2?family=Newsreader:ital,opsz,wght@0,6..72,200..400;1,6..72,200..300&display=swap → 200 (?ms, -698B)
[2026-08-25T07:32:52.011Z] GET http://localhost:4181/assets/main-xLDRg9-t.js → 304 (1ms, ?B)
[2026-08-25T07:32:52.011Z] GET http://localhost:4181/assets/main-Du4-4PIo.css → 304 (1ms, ?B)
[2026-08-25T07:32:52.016Z] GET https://fonts.gstatic.com/s/newsreader/v26/cY9CfjOCX1hbuyalUrK439vCjohC.woff2 → 200 (?ms, -816B)
[2026-08-25T07:32:52.016Z] GET https://fonts.gstatic.com/s/newsreader/v26/cY9AfjOCX1hbuyalUrK4397yjA.woff2 → 200 (1ms, -816B)
[2026-08-25T07:33:11.923Z] GET http://localhost:4181/approach.html → 200 (3ms, ?B)
[2026-08-25T07:33:11.930Z] GET https://fonts.googleapis.com/css2?family=Newsreader:ital,opsz,wght@0,6..72,200..400;1,6..72,200..300&display=swap → 200 (?ms, -698B)
[2026-08-25T07:33:11.930Z] GET http://localhost:4181/assets/main-xLDRg9-t.js → 200 (5ms, ?B)
[2026-08-25T07:33:11.930Z] GET http://localhost:4181/assets/main-Du4-4PIo.css → 304 (?ms, ?B)
[2026-08-25T07:33:11.934Z] GET https://fonts.gstatic.com/s/newsreader/v26/cY9CfjOCX1hbuyalUrK439vCjohC.woff2 → 200 (?ms, -816B)
[2026-08-25T07:33:11.935Z] GET https://fonts.gstatic.com/s/newsreader/v26/cY9AfjOCX1hbuyalUrK4397yjA.woff2 → 200 (?ms, -816B)
[2026-08-25T07:33:19.296Z] GET http://localhost:4181/approach.html → 200 (3ms, ?B)
[2026-08-25T07:33:19.304Z] GET https://fonts.googleapis.com/css2?family=Newsreader:ital,opsz,wght@0,6..72,200..400;1,6..72,200..300&display=swap → 200 (?ms, -698B)
[2026-08-25T07:33:19.304Z] GET http://localhost:4181/assets/main-xLDRg9-t.js → 304 (1ms, ?B)
[2026-08-25T07:33:19.304Z] GET http://localhost:4181/assets/main-Du4-4PIo.css → 304 (1ms, ?B)
[2026-08-25T07:33:19.311Z] GET https://fonts.gstatic.com/s/newsreader/v26/cY9CfjOCX1hbuyalUrK439vCjohC.woff2 → 200 (?ms, -816B)
[2026-08-25T07:33:19.312Z] GET https://fonts.gstatic.com/s/newsreader/v26/cY9AfjOCX1hbuyalUrK4397yjA.woff2 → 200 (?ms, -816B)
[2026-08-25T07:34:15.706Z] GET http://localhost:4181/approach.html → 200 (3ms, ?B)
[2026-08-25T07:34:15.713Z] GET https://fonts.googleapis.com/css2?family=Newsreader:ital,opsz,wght@0,6..72,200..400;1,6..72,200..300&display=swap → 200 (?ms, -698B)
[2026-08-25T07:34:15.714Z] GET http://localhost:4181/assets/main-xLDRg9-t.js → 200 (6ms, ?B)
[2026-08-25T07:34:15.714Z] GET http://localhost:4181/assets/main-Du4-4PIo.css → 304 (?ms, ?B)
[2026-08-25T07:34:15.719Z] GET https://fonts.gstatic.com/s/newsreader/v26/cY9CfjOCX1hbuyalUrK439vCjohC.woff2 → 200 (?ms, -816B)
[2026-08-25T07:34:15.719Z] GET https://fonts.gstatic.com/s/newsreader/v26/cY9AfjOCX1hbuyalUrK4397yjA.woff2 → 200 (?ms, -816B)
[2026-08-25T07:34:37.556Z] GET http://localhost:4181/approach.html → 200 (3ms, ?B)
[2026-08-25T07:34:37.562Z] GET https://fonts.googleapis.com/css2?family=Newsreader:ital,opsz,wght@0,6..72,200..400;1,6..72,200..300&display=swap → 200 (?ms, -698B)
[2026-08-25T07:34:37.563Z] GET http://localhost:4181/assets/main-xLDRg9-t.js → 304 (1ms, ?B)
[2026-08-25T07:34:37.563Z] GET http://localhost:4181/assets/main-Du4-4PIo.css → 304 (?ms, ?B)
[2026-08-25T07:34:37.568Z] GET https://fonts.gstatic.com/s/newsreader/v26/cY9CfjOCX1hbuyalUrK439vCjohC.woff2 → 200 (?ms, -816B)
[2026-08-25T07:34:37.569Z] GET https://fonts.gstatic.com/s/newsreader/v26/cY9AfjOCX1hbuyalUrK4397yjA.woff2 → 200 (?ms, -816B)
[2026-08-25T07:34:44.618Z] GET http://localhost:4181/approach.html → 200 (3ms, ?B)
[2026-08-25T07:34:44.625Z] GET https://fonts.googleapis.com/css2?family=Newsreader:ital,opsz,wght@0,6..72,200..400;1,6..72,200..300&display=swap → 200 (?ms, -698B)
[2026-08-25T07:34:44.625Z] GET http://localhost:4181/assets/main-xLDRg9-t.js → 304 (1ms, ?B)
[2026-08-25T07:34:44.625Z] GET http://localhost:4181/assets/main-Du4-4PIo.css → 304 (1ms, ?B)
[2026-08-25T07:34:44.631Z] GET https://fonts.gstatic.com/s/newsreader/v26/cY9CfjOCX1hbuyalUrK439vCjohC.woff2 → 200 (?ms, -816B)
[2026-08-25T07:34:44.631Z] GET https://fonts.gstatic.com/s/newsreader/v26/cY9AfjOCX1hbuyalUrK4397yjA.woff2 → 200 (?ms, -816B)
[2026-08-25T07:35:52.858Z] GET http://localhost:4185/approach.html → 200 (10ms, 4825B)
[2026-08-25T07:35:52.872Z] GET https://fonts.googleapis.com/css2?family=Newsreader:ital,opsz,wght@0,6..72,200..400;1,6..72,200..300&display=swap → 200 (?ms, -698B)
[2026-08-25T07:35:52.872Z] GET http://localhost:4185/assets/main-D2tP_Ivq.js → 200 (11ms, 29782B)
[2026-08-25T07:35:52.872Z] GET http://localhost:4185/assets/main-CwRlbxV2.css → 200 (4ms, 4270B)
[2026-08-25T07:35:52.883Z] GET https://fonts.gstatic.com/s/newsreader/v26/cY9AfjOCX1hbuyalUrK4397yjA.woff2 → 200 (?ms, -816B)
[2026-08-25T07:36:00.208Z] GET http://localhost:4185/approach.html → 200 (2ms, ?B)
[2026-08-25T07:36:00.214Z] GET https://fonts.googleapis.com/css2?family=Newsreader:ital,opsz,wght@0,6..72,200..400;1,6..72,200..300&display=swap → 200 (?ms, -698B)
[2026-08-25T07:36:00.215Z] GET http://localhost:4185/assets/main-D2tP_Ivq.js → 304 (1ms, ?B)
[2026-08-25T07:36:00.215Z] GET http://localhost:4185/assets/main-CwRlbxV2.css → 304 (?ms, ?B)
[2026-08-25T07:36:00.220Z] GET https://fonts.gstatic.com/s/newsreader/v26/cY9AfjOCX1hbuyalUrK4397yjA.woff2 → 200 (?ms, -816B)
[2026-08-25T07:36:04.222Z] GET http://localhost:4185/approach.html → 200 (2ms, ?B)
[2026-08-25T07:36:04.228Z] GET https://fonts.googleapis.com/css2?family=Newsreader:ital,opsz,wght@0,6..72,200..400;1,6..72,200..300&display=swap → 200 (?ms, -698B)
[2026-08-25T07:36:04.228Z] GET http://localhost:4185/assets/main-D2tP_Ivq.js → 304 (1ms, ?B)
[2026-08-25T07:36:04.228Z] GET http://localhost:4185/assets/main-CwRlbxV2.css → 304 (1ms, ?B)
[2026-08-25T07:36:04.234Z] GET https://fonts.gstatic.com/s/newsreader/v26/cY9AfjOCX1hbuyalUrK4397yjA.woff2 → 200 (?ms, -816B)
[2026-08-25T07:36:09.761Z] GET http://localhost:4185/approach.html → 200 (2ms, ?B)
[2026-08-25T07:36:09.767Z] GET https://fonts.googleapis.com/css2?family=Newsreader:ital,opsz,wght@0,6..72,200..400;1,6..72,200..300&display=swap → 200 (?ms, -698B)
[2026-08-25T07:36:09.767Z] GET http://localhost:4185/assets/main-D2tP_Ivq.js → 304 (2ms, ?B)
[2026-08-25T07:36:09.767Z] GET http://localhost:4185/assets/main-CwRlbxV2.css → 304 (2ms, ?B)
[2026-08-25T07:36:09.773Z] GET https://fonts.gstatic.com/s/newsreader/v26/cY9AfjOCX1hbuyalUrK4397yjA.woff2 → 200 (?ms, -816B)
[2026-08-25T07:37:01.049Z] GET http://localhost:4187/approach.html → 200 (7ms, 4824B)
[2026-08-25T07:37:01.060Z] GET https://fonts.googleapis.com/css2?family=Newsreader:ital,opsz,wght@0,6..72,200..400;1,6..72,200..300&display=swap → 200 (1ms, -698B)
[2026-08-25T07:37:01.060Z] GET http://localhost:4187/assets/main-DAeQB9Mp.js → 200 (7ms, 29839B)
[2026-08-25T07:37:01.060Z] GET http://localhost:4187/assets/main-CwRlbxV2.css → 200 (3ms, 4270B)
[2026-08-25T07:37:01.074Z] GET https://fonts.gstatic.com/s/newsreader/v26/cY9AfjOCX1hbuyalUrK4397yjA.woff2 → 200 (10ms, -816B)
[2026-08-25T07:37:09.365Z] GET http://localhost:4187/approach.html → 200 (3ms, ?B)
[2026-08-25T07:37:09.372Z] GET https://fonts.googleapis.com/css2?family=Newsreader:ital,opsz,wght@0,6..72,200..400;1,6..72,200..300&display=swap → 200 (?ms, -698B)
[2026-08-25T07:37:09.373Z] GET http://localhost:4187/assets/main-DAeQB9Mp.js → 304 (?ms, ?B)
[2026-08-25T07:37:09.373Z] GET http://localhost:4187/assets/main-CwRlbxV2.css → 304 (1ms, ?B)
[2026-08-25T07:37:09.380Z] GET https://fonts.gstatic.com/s/newsreader/v26/cY9AfjOCX1hbuyalUrK4397yjA.woff2 → 200 (?ms, -816B)
[2026-08-25T07:37:13.368Z] GET http://localhost:4187/approach.html → 200 (2ms, ?B)
[2026-08-25T07:37:13.374Z] GET https://fonts.googleapis.com/css2?family=Newsreader:ital,opsz,wght@0,6..72,200..400;1,6..72,200..300&display=swap → 200 (?ms, -698B)
[2026-08-25T07:37:13.375Z] GET http://localhost:4187/assets/main-DAeQB9Mp.js → 304 (1ms, ?B)
[2026-08-25T07:37:13.375Z] GET http://localhost:4187/assets/main-CwRlbxV2.css → 304 (?ms, ?B)
[2026-08-25T07:37:13.381Z] GET https://fonts.gstatic.com/s/newsreader/v26/cY9AfjOCX1hbuyalUrK4397yjA.woff2 → 200 (?ms, -816B)
[2026-08-25T07:37:18.376Z] GET http://localhost:4187/work.html → 200 (4ms, 4409B)
[2026-08-25T07:37:18.384Z] GET https://fonts.googleapis.com/css2?family=Newsreader:ital,opsz,wght@0,6..72,200..400;1,6..72,200..300&display=swap → 200 (?ms, -698B)
[2026-08-25T07:37:18.384Z] GET http://localhost:4187/assets/main-DAeQB9Mp.js → 304 (1ms, ?B)
[2026-08-25T07:37:18.384Z] GET http://localhost:4187/assets/main-CwRlbxV2.css → 304 (1ms, ?B)
[2026-08-25T07:37:18.390Z] GET https://fonts.gstatic.com/s/newsreader/v26/cY9AfjOCX1hbuyalUrK4397yjA.woff2 → 200 (?ms, -816B)
[2026-08-25T07:37:23.383Z] GET http://localhost:4187/approach.html → 200 (3ms, ?B)
[2026-08-25T07:37:23.389Z] GET https://fonts.googleapis.com/css2?family=Newsreader:ital,opsz,wght@0,6..72,200..400;1,6..72,200..300&display=swap → 200 (1ms, -698B)
[2026-08-25T07:37:23.390Z] GET http://localhost:4187/assets/main-DAeQB9Mp.js → 304 (1ms, ?B)
[2026-08-25T07:37:23.390Z] GET http://localhost:4187/assets/main-CwRlbxV2.css → 304 (?ms, ?B)
[2026-08-25T07:37:23.395Z] GET https://fonts.gstatic.com/s/newsreader/v26/cY9AfjOCX1hbuyalUrK4397yjA.woff2 → 200 (?ms, -816B)
[2026-08-25T07:37:37.532Z] GET http://localhost:4187/approach.html → 200 (2ms, ?B)
[2026-08-25T07:37:37.538Z] GET https://fonts.googleapis.com/css2?family=Newsreader:ital,opsz,wght@0,6..72,200..400;1,6..72,200..300&display=swap → 200 (?ms, -698B)
[2026-08-25T07:37:37.538Z] GET http://localhost:4187/assets/main-DAeQB9Mp.js → 200 (6ms, ?B)
[2026-08-25T07:37:37.538Z] GET http://localhost:4187/assets/main-CwRlbxV2.css → 304 (1ms, ?B)
[2026-08-25T07:37:37.544Z] GET https://fonts.gstatic.com/s/newsreader/v26/cY9AfjOCX1hbuyalUrK4397yjA.woff2 → 200 (?ms, -816B)
[2026-08-25T07:37:54.283Z] GET http://localhost:4187/index.html → 200 (3ms, 4708B)
[2026-08-25T07:37:54.290Z] GET https://fonts.googleapis.com/css2?family=Newsreader:ital,opsz,wght@0,6..72,200..400;1,6..72,200..300&display=swap → 200 (?ms, -698B)
[2026-08-25T07:37:54.290Z] GET http://localhost:4187/assets/main-DAeQB9Mp.js → 304 (1ms, ?B)
[2026-08-25T07:37:54.290Z] GET http://localhost:4187/assets/main-CwRlbxV2.css → 304 (1ms, ?B)
[2026-08-25T07:37:54.290Z] GET http://localhost:4187/assets/bloom-still.svg → 200 (26ms, 8444B)
[2026-08-25T07:37:54.309Z] GET https://fonts.gstatic.com/s/newsreader/v26/cY9AfjOCX1hbuyalUrK4397yjA.woff2 → 200 (?ms, -816B)
[2026-08-25T07:37:54.309Z] GET https://fonts.gstatic.com/s/newsreader/v26/cY9CfjOCX1hbuyalUrK439vCjohC.woff2 → 200 (7ms, -816B)
[2026-08-25T07:37:54.309Z] GET http://localhost:4187/assets/scene-Dre0S8U7.js → 200 (20ms, 149640B)
[2026-08-25T07:38:03.201Z] GET http://localhost:4187/approach.html → 200 (2ms, ?B)
[2026-08-25T07:38:03.303Z] GET https://fonts.googleapis.com/css2?family=Newsreader:ital,opsz,wght@0,6..72,200..400;1,6..72,200..300&display=swap → 200 (?ms, -698B)
[2026-08-25T07:38:03.303Z] GET http://localhost:4187/assets/main-DAeQB9Mp.js → 200 (7ms, ?B)
[2026-08-25T07:38:03.303Z] GET http://localhost:4187/assets/main-CwRlbxV2.css → 304 (1ms, ?B)
[2026-08-25T07:38:03.309Z] GET https://fonts.gstatic.com/s/newsreader/v26/cY9CfjOCX1hbuyalUrK439vCjohC.woff2 → 200 (?ms, -816B)
[2026-08-25T07:38:03.309Z] GET https://fonts.gstatic.com/s/newsreader/v26/cY9AfjOCX1hbuyalUrK4397yjA.woff2 → 200 (1ms, -816B)
[2026-08-25T07:38:10.036Z] GET http://localhost:4187/work.html → 200 (3ms, ?B)
[2026-08-25T07:38:10.044Z] GET https://fonts.googleapis.com/css2?family=Newsreader:ital,opsz,wght@0,6..72,200..400;1,6..72,200..300&display=swap → 200 (?ms, -698B)
[2026-08-25T07:38:10.044Z] GET http://localhost:4187/assets/main-DAeQB9Mp.js → 200 (2ms, ?B)
[2026-08-25T07:38:10.044Z] GET http://localhost:4187/assets/main-CwRlbxV2.css → 304 (?ms, ?B)
[2026-08-25T07:38:10.051Z] GET https://fonts.gstatic.com/s/newsreader/v26/cY9CfjOCX1hbuyalUrK439vCjohC.woff2 → 200 (1ms, -816B)
[2026-08-25T07:38:10.052Z] GET https://fonts.gstatic.com/s/newsreader/v26/cY9AfjOCX1hbuyalUrK4397yjA.woff2 → 200 (?ms, -816B)
[2026-08-25T07:38:16.220Z] GET http://localhost:4187/about.html → 200 (3ms, 3601B)
[2026-08-25T07:38:16.227Z] GET https://fonts.googleapis.com/css2?family=Newsreader:ital,opsz,wght@0,6..72,200..400;1,6..72,200..300&display=swap → 200 (?ms, -698B)
[2026-08-25T07:38:16.227Z] GET http://localhost:4187/assets/main-DAeQB9Mp.js → 304 (2ms, ?B)
[2026-08-25T07:38:16.227Z] GET http://localhost:4187/assets/main-CwRlbxV2.css → 304 (1ms, ?B)
[2026-08-25T07:38:16.234Z] GET https://fonts.gstatic.com/s/newsreader/v26/cY9CfjOCX1hbuyalUrK439vCjohC.woff2 → 200 (?ms, -816B)
[2026-08-25T07:38:16.235Z] GET https://fonts.gstatic.com/s/newsreader/v26/cY9AfjOCX1hbuyalUrK4397yjA.woff2 → 200 (?ms, -816B)
[2026-08-25T07:38:22.136Z] GET http://localhost:4187/contact.html → 200 (3ms, 2705B)
[2026-08-25T07:38:22.144Z] GET https://fonts.googleapis.com/css2?family=Newsreader:ital,opsz,wght@0,6..72,200..400;1,6..72,200..300&display=swap → 200 (?ms, -698B)
[2026-08-25T07:38:22.144Z] GET http://localhost:4187/assets/main-DAeQB9Mp.js → 304 (1ms, ?B)
[2026-08-25T07:38:22.144Z] GET http://localhost:4187/assets/main-CwRlbxV2.css → 304 (?ms, ?B)
[2026-08-25T07:38:22.149Z] GET https://fonts.gstatic.com/s/newsreader/v26/cY9CfjOCX1hbuyalUrK439vCjohC.woff2 → 200 (?ms, -816B)
[2026-08-25T07:38:22.149Z] GET https://fonts.gstatic.com/s/newsreader/v26/cY9AfjOCX1hbuyalUrK4397yjA.woff2 → 200 (?ms, -816B)
[2026-08-25T07:38:27.779Z] GET http://localhost:4187/404.html → 200 (3ms, 1977B)
[2026-08-25T07:38:27.786Z] GET https://fonts.googleapis.com/css2?family=Newsreader:ital,opsz,wght@0,6..72,200..400;1,6..72,200..300&display=swap → 200 (?ms, -698B)
[2026-08-25T07:38:27.786Z] GET http://localhost:4187/assets/main-DAeQB9Mp.js → 304 (5ms, ?B)
[2026-08-25T07:38:27.786Z] GET http://localhost:4187/assets/main-CwRlbxV2.css → 304 (?ms, ?B)
[2026-08-25T07:38:27.790Z] GET https://fonts.gstatic.com/s/newsreader/v26/cY9CfjOCX1hbuyalUrK439vCjohC.woff2 → 200 (?ms, -816B)
[2026-08-25T07:38:27.790Z] GET https://fonts.gstatic.com/s/newsreader/v26/cY9AfjOCX1hbuyalUrK4397yjA.woff2 → 200 (?ms, -816B)
[2026-08-25T07:38:32.562Z] GET http://localhost:4187/index.html → 200 (3ms, ?B)
[2026-08-25T07:38:32.569Z] GET https://fonts.googleapis.com/css2?family=Newsreader:ital,opsz,wght@0,6..72,200..400;1,6..72,200..300&display=swap → 200 (?ms, -698B)
[2026-08-25T07:38:32.569Z] GET http://localhost:4187/assets/main-DAeQB9Mp.js → 304 (13ms, ?B)
[2026-08-25T07:38:32.569Z] GET http://localhost:4187/assets/main-CwRlbxV2.css → 304 (1ms, ?B)
[2026-08-25T07:38:32.569Z] GET http://localhost:4187/assets/bloom-still.svg → 200 (7ms, ?B)
[2026-08-25T07:38:32.581Z] GET https://fonts.gstatic.com/s/newsreader/v26/cY9CfjOCX1hbuyalUrK439vCjohC.woff2 → 200 (?ms, -816B)
[2026-08-25T07:38:32.582Z] GET https://fonts.gstatic.com/s/newsreader/v26/cY9AfjOCX1hbuyalUrK4397yjA.woff2 → 200 (?ms, -816B)
[2026-08-25T07:38:32.590Z] GET http://localhost:4187/assets/scene-Dre0S8U7.js → 200 (61ms, ?B)
[2026-08-25T07:38:40.872Z] GET http://localhost:4187/approach.html → 200 (2ms, ?B)
[2026-08-25T07:38:40.895Z] GET https://fonts.googleapis.com/css2?family=Newsreader:ital,opsz,wght@0,6..72,200..400;1,6..72,200..300&display=swap → 200 (?ms, -698B)
[2026-08-25T07:38:40.895Z] GET http://localhost:4187/assets/main-DAeQB9Mp.js → 200 (7ms, ?B)
[2026-08-25T07:38:40.895Z] GET http://localhost:4187/assets/main-CwRlbxV2.css → 304 (1ms, ?B)
[2026-08-25T07:38:40.902Z] GET https://fonts.gstatic.com/s/newsreader/v26/cY9CfjOCX1hbuyalUrK439vCjohC.woff2 → 200 (?ms, -816B)
[2026-08-25T07:38:40.902Z] GET https://fonts.gstatic.com/s/newsreader/v26/cY9AfjOCX1hbuyalUrK4397yjA.woff2 → 200 (?ms, -816B)
[2026-08-25T07:38:47.574Z] GET http://localhost:4187/work.html → 200 (2ms, ?B)
[2026-08-25T07:38:47.581Z] GET https://fonts.googleapis.com/css2?family=Newsreader:ital,opsz,wght@0,6..72,200..400;1,6..72,200..300&display=swap → 200 (?ms, -698B)
[2026-08-25T07:38:47.581Z] GET http://localhost:4187/assets/main-DAeQB9Mp.js → 200 (2ms, ?B)
[2026-08-25T07:38:47.581Z] GET http://localhost:4187/assets/main-CwRlbxV2.css → 304 (1ms, ?B)
[2026-08-25T07:38:47.588Z] GET https://fonts.gstatic.com/s/newsreader/v26/cY9CfjOCX1hbuyalUrK439vCjohC.woff2 → 200 (1ms, -816B)
[2026-08-25T07:38:47.589Z] GET https://fonts.gstatic.com/s/newsreader/v26/cY9AfjOCX1hbuyalUrK4397yjA.woff2 → 200 (?ms, -816B)
[2026-08-25T07:38:54.333Z] GET http://localhost:4187/about.html → 200 (4ms, ?B)
[2026-08-25T07:38:54.342Z] GET https://fonts.googleapis.com/css2?family=Newsreader:ital,opsz,wght@0,6..72,200..400;1,6..72,200..300&display=swap → 200 (?ms, -698B)
[2026-08-25T07:38:54.343Z] GET http://localhost:4187/assets/main-DAeQB9Mp.js → 200 (3ms, ?B)
[2026-08-25T07:38:54.343Z] GET http://localhost:4187/assets/main-CwRlbxV2.css → 304 (?ms, ?B)
[2026-08-25T07:38:54.351Z] GET https://fonts.gstatic.com/s/newsreader/v26/cY9CfjOCX1hbuyalUrK439vCjohC.woff2 → 200 (?ms, -816B)
[2026-08-25T07:38:54.351Z] GET https://fonts.gstatic.com/s/newsreader/v26/cY9AfjOCX1hbuyalUrK4397yjA.woff2 → 200 (?ms, -816B)
[2026-08-25T07:39:00.327Z] GET http://localhost:4187/contact.html → 200 (2ms, ?B)
[2026-08-25T07:39:00.333Z] GET https://fonts.googleapis.com/css2?family=Newsreader:ital,opsz,wght@0,6..72,200..400;1,6..72,200..300&display=swap → 200 (?ms, -698B)
[2026-08-25T07:39:00.333Z] GET http://localhost:4187/assets/main-DAeQB9Mp.js → 304 (1ms, ?B)
[2026-08-25T07:39:00.333Z] GET http://localhost:4187/assets/main-CwRlbxV2.css → 304 (1ms, ?B)
[2026-08-25T07:39:00.338Z] GET https://fonts.gstatic.com/s/newsreader/v26/cY9CfjOCX1hbuyalUrK439vCjohC.woff2 → 200 (?ms, -816B)
[2026-08-25T07:39:00.339Z] GET https://fonts.gstatic.com/s/newsreader/v26/cY9AfjOCX1hbuyalUrK4397yjA.woff2 → 200 (?ms, -816B)
[2026-08-25T07:39:05.531Z] GET http://localhost:4187/404.html → 200 (2ms, ?B)
[2026-08-25T07:39:05.536Z] GET https://fonts.googleapis.com/css2?family=Newsreader:ital,opsz,wght@0,6..72,200..400;1,6..72,200..300&display=swap → 200 (1ms, -698B)
[2026-08-25T07:39:05.537Z] GET http://localhost:4187/assets/main-DAeQB9Mp.js → 304 (1ms, ?B)
[2026-08-25T07:39:05.537Z] GET http://localhost:4187/assets/main-CwRlbxV2.css → 304 (1ms, ?B)
[2026-08-25T07:39:05.541Z] GET https://fonts.gstatic.com/s/newsreader/v26/cY9CfjOCX1hbuyalUrK439vCjohC.woff2 → 200 (?ms, -816B)
[2026-08-25T07:39:05.541Z] GET https://fonts.gstatic.com/s/newsreader/v26/cY9AfjOCX1hbuyalUrK4397yjA.woff2 → 200 (?ms, -816B)
[2026-08-25T07:39:18.131Z] GET http://localhost:4187/index.html → 200 (3ms, ?B)
[2026-08-25T07:39:18.137Z] GET https://fonts.googleapis.com/css2?family=Newsreader:ital,opsz,wght@0,6..72,200..400;1,6..72,200..300&display=swap → 200 (?ms, -698B)
[2026-08-25T07:39:18.137Z] GET http://localhost:4187/assets/main-DAeQB9Mp.js → 304 (2ms, ?B)
[2026-08-25T07:39:18.137Z] GET http://localhost:4187/assets/main-CwRlbxV2.css → 304 (2ms, ?B)
[2026-08-25T07:39:18.137Z] GET http://localhost:4187/assets/bloom-still.svg → 200 (29ms, ?B)
[2026-08-25T07:39:18.159Z] GET https://fonts.gstatic.com/s/newsreader/v26/cY9CfjOCX1hbuyalUrK439vCjohC.woff2 → 200 (1ms, -816B)
[2026-08-25T07:39:18.160Z] GET https://fonts.gstatic.com/s/newsreader/v26/cY9AfjOCX1hbuyalUrK4397yjA.woff2 → 200 (?ms, -816B)
[2026-08-25T07:39:18.160Z] GET http://localhost:4187/assets/scene-Dre0S8U7.js → 200 (12ms, ?B)
[2026-08-25T07:39:25.843Z] GET http://localhost:4187/approach.html → 200 (2ms, ?B)
[2026-08-25T07:39:25.872Z] GET https://fonts.googleapis.com/css2?family=Newsreader:ital,opsz,wght@0,6..72,200..400;1,6..72,200..300&display=swap → 200 (?ms, -698B)
[2026-08-25T07:39:25.873Z] GET http://localhost:4187/assets/main-DAeQB9Mp.js → 200 (3ms, ?B)
[2026-08-25T07:39:25.873Z] GET http://localhost:4187/assets/main-CwRlbxV2.css → 304 (1ms, ?B)
[2026-08-25T07:39:25.883Z] GET https://fonts.gstatic.com/s/newsreader/v26/cY9CfjOCX1hbuyalUrK439vCjohC.woff2 → 200 (?ms, -816B)
[2026-08-25T07:39:25.884Z] GET https://fonts.gstatic.com/s/newsreader/v26/cY9AfjOCX1hbuyalUrK4397yjA.woff2 → 200 (?ms, -816B)
[2026-08-25T07:39:32.552Z] GET http://localhost:4187/work.html → 200 (2ms, ?B)
[2026-08-25T07:39:32.559Z] GET https://fonts.googleapis.com/css2?family=Newsreader:ital,opsz,wght@0,6..72,200..400;1,6..72,200..300&display=swap → 200 (?ms, -698B)
[2026-08-25T07:39:32.559Z] GET http://localhost:4187/assets/main-DAeQB9Mp.js → 200 (3ms, ?B)
[2026-08-25T07:39:32.559Z] GET http://localhost:4187/assets/main-CwRlbxV2.css → 304 (1ms, ?B)
[2026-08-25T07:39:32.568Z] GET https://fonts.gstatic.com/s/newsreader/v26/cY9CfjOCX1hbuyalUrK439vCjohC.woff2 → 200 (?ms, -816B)
[2026-08-25T07:39:32.568Z] GET https://fonts.gstatic.com/s/newsreader/v26/cY9AfjOCX1hbuyalUrK4397yjA.woff2 → 200 (?ms, -816B)
[2026-08-25T07:39:38.658Z] GET http://localhost:4187/about.html → 200 (2ms, ?B)
[2026-08-25T07:39:38.665Z] GET https://fonts.googleapis.com/css2?family=Newsreader:ital,opsz,wght@0,6..72,200..400;1,6..72,200..300&display=swap → 200 (?ms, -698B)
[2026-08-25T07:39:38.665Z] GET http://localhost:4187/assets/main-DAeQB9Mp.js → 304 (1ms, ?B)
[2026-08-25T07:39:38.665Z] GET http://localhost:4187/assets/main-CwRlbxV2.css → 304 (1ms, ?B)
[2026-08-25T07:39:38.673Z] GET https://fonts.gstatic.com/s/newsreader/v26/cY9CfjOCX1hbuyalUrK439vCjohC.woff2 → 200 (?ms, -816B)
[2026-08-25T07:39:38.673Z] GET https://fonts.gstatic.com/s/newsreader/v26/cY9AfjOCX1hbuyalUrK4397yjA.woff2 → 200 (1ms, -816B)
[2026-08-25T07:39:44.450Z] GET http://localhost:4187/contact.html → 200 (2ms, ?B)
[2026-08-25T07:39:44.456Z] GET https://fonts.googleapis.com/css2?family=Newsreader:ital,opsz,wght@0,6..72,200..400;1,6..72,200..300&display=swap → 200 (?ms, -698B)
[2026-08-25T07:39:44.457Z] GET http://localhost:4187/assets/main-DAeQB9Mp.js → 304 (?ms, ?B)
[2026-08-25T07:39:44.457Z] GET http://localhost:4187/assets/main-CwRlbxV2.css → 304 (?ms, ?B)
[2026-08-25T07:39:44.462Z] GET https://fonts.gstatic.com/s/newsreader/v26/cY9CfjOCX1hbuyalUrK439vCjohC.woff2 → 200 (1ms, -816B)
[2026-08-25T07:39:44.463Z] GET https://fonts.gstatic.com/s/newsreader/v26/cY9AfjOCX1hbuyalUrK4397yjA.woff2 → 200 (?ms, -816B)
[2026-08-25T07:40:00.829Z] GET http://localhost:4187/approach.html → 200 (3ms, ?B)
[2026-08-25T07:40:00.836Z] GET https://fonts.googleapis.com/css2?family=Newsreader:ital,opsz,wght@0,6..72,200..400;1,6..72,200..300&display=swap → 200 (?ms, -698B)
[2026-08-25T07:40:00.837Z] GET http://localhost:4187/assets/main-DAeQB9Mp.js → 304 (1ms, ?B)
[2026-08-25T07:40:00.837Z] GET http://localhost:4187/assets/main-CwRlbxV2.css → 304 (?ms, ?B)
[2026-08-25T07:40:00.844Z] GET https://fonts.gstatic.com/s/newsreader/v26/cY9CfjOCX1hbuyalUrK439vCjohC.woff2 → 200 (?ms, -816B)
[2026-08-25T07:40:00.845Z] GET https://fonts.gstatic.com/s/newsreader/v26/cY9AfjOCX1hbuyalUrK4397yjA.woff2 → 200 (?ms, -816B)
[2026-08-25T07:40:07.927Z] GET http://localhost:4187/approach.html → 200 (3ms, ?B)
[2026-08-25T07:40:07.934Z] GET https://fonts.googleapis.com/css2?family=Newsreader:ital,opsz,wght@0,6..72,200..400;1,6..72,200..300&display=swap → 200 (?ms, -698B)
[2026-08-25T07:40:07.934Z] GET http://localhost:4187/assets/main-DAeQB9Mp.js → 200 (4ms, ?B)
[2026-08-25T07:40:07.934Z] GET http://localhost:4187/assets/main-CwRlbxV2.css → 304 (1ms, ?B)
[2026-08-25T07:40:07.943Z] GET https://fonts.gstatic.com/s/newsreader/v26/cY9CfjOCX1hbuyalUrK439vCjohC.woff2 → 200 (?ms, -816B)
[2026-08-25T07:40:07.943Z] GET https://fonts.gstatic.com/s/newsreader/v26/cY9AfjOCX1hbuyalUrK4397yjA.woff2 → 200 (?ms, -816B)
[2026-08-25T08:07:09.480Z] GET http://127.0.0.1:4193/ → 200 (4ms, ?B)
[2026-08-25T08:07:09.563Z] GET http://127.0.0.1:4193/styles.css → 200 (20ms, 8910B)
[2026-08-25T08:07:09.563Z] GET http://127.0.0.1:4193/node_modules/three/build/three.module.js → 200 (22ms, 650153B)
[2026-08-25T08:07:09.563Z] GET http://127.0.0.1:4193/assets/wattle-bouquet-poster.png → 200 (21ms, 490393B)
[2026-08-25T08:07:09.563Z] GET http://127.0.0.1:4193/script.js → 200 (21ms, 118058B)
[2026-08-25T08:07:09.586Z] GET http://127.0.0.1:4193/node_modules/three/examples/jsm/controls/OrbitControls.js → 200 (15ms, 40504B)
[2026-08-25T08:07:09.586Z] GET http://127.0.0.1:4193/node_modules/three/examples/jsm/exporters/GLTFExporter.js → 200 (16ms, 92973B)
[2026-08-25T08:07:09.586Z] GET http://127.0.0.1:4193/node_modules/three/examples/jsm/lines/LineSegments2.js → 200 (16ms, 11477B)
[2026-08-25T08:07:09.586Z] GET http://127.0.0.1:4193/node_modules/three/examples/jsm/lines/LineSegmentsGeometry.js → 200 (15ms, 6893B)
[2026-08-25T08:07:09.586Z] GET http://127.0.0.1:4193/node_modules/three/examples/jsm/lines/LineMaterial.js → 200 (14ms, 14020B)
[2026-08-25T08:07:09.586Z] GET http://127.0.0.1:4193/node_modules/three/examples/jsm/utils/BufferGeometryUtils.js → 200 (16ms, 37621B)
[2026-08-25T08:07:09.600Z] GET http://127.0.0.1:4193/node_modules/three/build/three.core.js → 200 (24ms, 1443056B)
[2026-08-25T08:14:19.229Z] GET http://127.0.0.1:4193/ → 200 (4ms, 5408B)
[2026-08-25T08:14:19.249Z] GET http://127.0.0.1:4193/styles.css → 200 (2ms, 8910B)
[2026-08-25T08:14:19.249Z] GET http://127.0.0.1:4193/node_modules/three/build/three.module.js → 200 (12ms, 650153B)
[2026-08-25T08:14:19.249Z] GET http://127.0.0.1:4193/assets/wattle-bouquet-poster.png → 200 (6ms, 490393B)
[2026-08-25T08:14:19.249Z] GET http://127.0.0.1:4193/script.js → 200 (7ms, 118058B)
[2026-08-25T08:14:19.257Z] GET http://127.0.0.1:4193/node_modules/three/examples/jsm/controls/OrbitControls.js → 200 (3ms, 40504B)
[2026-08-25T08:14:19.257Z] GET http://127.0.0.1:4193/node_modules/three/examples/jsm/exporters/GLTFExporter.js → 200 (5ms, 92973B)
[2026-08-25T08:14:19.257Z] GET http://127.0.0.1:4193/node_modules/three/examples/jsm/lines/LineSegments2.js → 200 (5ms, 11477B)
[2026-08-25T08:14:19.257Z] GET http://127.0.0.1:4193/node_modules/three/examples/jsm/lines/LineSegmentsGeometry.js → 200 (6ms, 6893B)
[2026-08-25T08:14:19.257Z] GET http://127.0.0.1:4193/node_modules/three/examples/jsm/lines/LineMaterial.js → 200 (6ms, 14020B)
[2026-08-25T08:14:19.257Z] GET http://127.0.0.1:4193/node_modules/three/examples/jsm/utils/BufferGeometryUtils.js → 200 (6ms, 37621B)
[2026-08-25T08:14:19.262Z] GET http://127.0.0.1:4193/node_modules/three/build/three.core.js → 200 (15ms, 1443056B)
[2026-08-25T08:14:27.593Z] GET http://127.0.0.1:4193/ → 200 (4ms, 5408B)
[2026-08-25T08:14:27.614Z] GET http://127.0.0.1:4193/styles.css → 200 (?ms, 8910B)
[2026-08-25T08:14:27.614Z] GET http://127.0.0.1:4193/node_modules/three/build/three.module.js → 200 (8ms, 650153B)
[2026-08-25T08:14:27.614Z] GET http://127.0.0.1:4193/assets/wattle-bouquet-poster.png → 200 (1ms, 490393B)
[2026-08-25T08:14:27.614Z] GET http://127.0.0.1:4193/script.js → 200 (7ms, 118058B)
[2026-08-25T08:14:27.622Z] GET http://127.0.0.1:4193/node_modules/three/examples/jsm/controls/OrbitControls.js → 200 (9ms, 40504B)
[2026-08-25T08:14:27.622Z] GET http://127.0.0.1:4193/node_modules/three/examples/jsm/exporters/GLTFExporter.js → 200 (9ms, 92973B)
[2026-08-25T08:14:27.622Z] GET http://127.0.0.1:4193/node_modules/three/examples/jsm/lines/LineSegments2.js → 200 (9ms, 11477B)
[2026-08-25T08:14:27.622Z] GET http://127.0.0.1:4193/node_modules/three/examples/jsm/lines/LineSegmentsGeometry.js → 200 (8ms, 6893B)
[2026-08-25T08:14:27.622Z] GET http://127.0.0.1:4193/node_modules/three/examples/jsm/lines/LineMaterial.js → 200 (9ms, 14020B)
[2026-08-25T08:14:27.622Z] GET http://127.0.0.1:4193/node_modules/three/examples/jsm/utils/BufferGeometryUtils.js → 200 (9ms, 37621B)
[2026-08-25T08:14:27.623Z] GET http://127.0.0.1:4193/node_modules/three/build/three.core.js → 200 (22ms, 1443056B)
[2026-08-25T08:14:36.414Z] GET http://127.0.0.1:4193/ → 200 (4ms, 5408B)
[2026-08-25T08:14:36.439Z] GET http://127.0.0.1:4193/styles.css → 200 (2ms, 8910B)
[2026-08-25T08:14:36.439Z] GET http://127.0.0.1:4193/node_modules/three/build/three.module.js → 200 (15ms, 650153B)
[2026-08-25T08:14:36.440Z] GET http://127.0.0.1:4193/assets/wattle-bouquet-poster.png → 200 (3ms, 490393B)
[2026-08-25T08:14:36.440Z] GET http://127.0.0.1:4193/script.js → 200 (8ms, 118058B)
[2026-08-25T08:14:36.449Z] GET http://127.0.0.1:4193/node_modules/three/examples/jsm/controls/OrbitControls.js → 200 (3ms, 40504B)
[2026-08-25T08:14:36.449Z] GET http://127.0.0.1:4193/node_modules/three/examples/jsm/exporters/GLTFExporter.js → 200 (5ms, 92973B)
[2026-08-25T08:14:36.449Z] GET http://127.0.0.1:4193/node_modules/three/examples/jsm/lines/LineSegments2.js → 200 (4ms, 11477B)
[2026-08-25T08:14:36.449Z] GET http://127.0.0.1:4193/node_modules/three/examples/jsm/lines/LineSegmentsGeometry.js → 200 (6ms, 6893B)
[2026-08-25T08:14:36.449Z] GET http://127.0.0.1:4193/node_modules/three/examples/jsm/lines/LineMaterial.js → 200 (6ms, 14020B)
[2026-08-25T08:14:36.449Z] GET http://127.0.0.1:4193/node_modules/three/examples/jsm/utils/BufferGeometryUtils.js → 200 (6ms, 37621B)
[2026-08-25T08:14:36.455Z] GET http://127.0.0.1:4193/node_modules/three/build/three.core.js → 200 (16ms, 1443056B)
[2026-08-25T08:14:44.477Z] GET http://127.0.0.1:4193/ → 200 (4ms, 5408B)
[2026-08-25T08:14:44.490Z] GET http://127.0.0.1:4193/styles.css → 200 (2ms, 8910B)
[2026-08-25T08:14:44.490Z] GET http://127.0.0.1:4193/node_modules/three/build/three.module.js → 200 (12ms, 650153B)
[2026-08-25T08:14:44.491Z] GET http://127.0.0.1:4193/assets/wattle-bouquet-poster.png → 200 (2ms, 490393B)
[2026-08-25T08:14:44.491Z] GET http://127.0.0.1:4193/script.js → 200 (5ms, 118058B)
[2026-08-25T08:14:44.496Z] GET http://127.0.0.1:4193/node_modules/three/examples/jsm/controls/OrbitControls.js → 200 (7ms, 40504B)
[2026-08-25T08:14:44.496Z] GET http://127.0.0.1:4193/node_modules/three/examples/jsm/exporters/GLTFExporter.js → 200 (7ms, 92973B)
[2026-08-25T08:14:44.496Z] GET http://127.0.0.1:4193/node_modules/three/examples/jsm/lines/LineSegments2.js → 200 (7ms, 11477B)
[2026-08-25T08:14:44.496Z] GET http://127.0.0.1:4193/node_modules/three/examples/jsm/lines/LineSegmentsGeometry.js → 200 (7ms, 6893B)
[2026-08-25T08:14:44.496Z] GET http://127.0.0.1:4193/node_modules/three/examples/jsm/lines/LineMaterial.js → 200 (7ms, 14020B)
[2026-08-25T08:14:44.496Z] GET http://127.0.0.1:4193/node_modules/three/examples/jsm/utils/BufferGeometryUtils.js → 200 (8ms, 37621B)
[2026-08-25T08:14:44.504Z] GET http://127.0.0.1:4193/node_modules/three/build/three.core.js → 200 (15ms, 1443056B)
[2026-08-25T08:14:52.992Z] GET http://127.0.0.1:4193/ → 200 (4ms, 5408B)
[2026-08-25T08:14:53.007Z] GET http://127.0.0.1:4193/styles.css → 200 (2ms, 8910B)
[2026-08-25T08:14:53.007Z] GET http://127.0.0.1:4193/node_modules/three/build/three.module.js → 200 (9ms, 650153B)
[2026-08-25T08:14:53.007Z] GET http://127.0.0.1:4193/assets/wattle-bouquet-poster.png → 200 (4ms, 490393B)
[2026-08-25T08:14:53.008Z] GET http://127.0.0.1:4193/script.js → 200 (4ms, 118058B)
[2026-08-25T08:14:53.013Z] GET http://127.0.0.1:4193/node_modules/three/examples/jsm/controls/OrbitControls.js → 200 (4ms, 40504B)
[2026-08-25T08:14:53.013Z] GET http://127.0.0.1:4193/node_modules/three/examples/jsm/exporters/GLTFExporter.js → 200 (7ms, 92973B)
[2026-08-25T08:14:53.013Z] GET http://127.0.0.1:4193/node_modules/three/examples/jsm/lines/LineSegments2.js → 200 (4ms, 11477B)
[2026-08-25T08:14:53.013Z] GET http://127.0.0.1:4193/node_modules/three/examples/jsm/lines/LineSegmentsGeometry.js → 200 (6ms, 6893B)
[2026-08-25T08:14:53.013Z] GET http://127.0.0.1:4193/node_modules/three/examples/jsm/lines/LineMaterial.js → 200 (7ms, 14020B)
[2026-08-25T08:14:53.013Z] GET http://127.0.0.1:4193/node_modules/three/examples/jsm/utils/BufferGeometryUtils.js → 200 (7ms, 37621B)
[2026-08-25T08:14:53.017Z] GET http://127.0.0.1:4193/node_modules/three/build/three.core.js → 200 (16ms, 1443056B)
[2026-08-25T08:15:01.029Z] GET http://127.0.0.1:4193/ → 200 (3ms, 5408B)
[2026-08-25T08:15:01.042Z] GET http://127.0.0.1:4193/styles.css → 200 (3ms, 8910B)
[2026-08-25T08:15:01.042Z] GET http://127.0.0.1:4193/node_modules/three/build/three.module.js → 200 (11ms, 650153B)
[2026-08-25T08:15:01.042Z] GET http://127.0.0.1:4193/assets/wattle-bouquet-poster.png → 200 (4ms, 490393B)
[2026-08-25T08:15:01.042Z] GET http://127.0.0.1:4193/script.js → 200 (6ms, 118058B)
[2026-08-25T08:15:01.051Z] GET http://127.0.0.1:4193/node_modules/three/examples/jsm/controls/OrbitControls.js → 200 (4ms, 40504B)
[2026-08-25T08:15:01.051Z] GET http://127.0.0.1:4193/node_modules/three/examples/jsm/exporters/GLTFExporter.js → 200 (4ms, 92973B)
[2026-08-25T08:15:01.051Z] GET http://127.0.0.1:4193/node_modules/three/examples/jsm/lines/LineSegments2.js → 200 (5ms, 11477B)
[2026-08-25T08:15:01.051Z] GET http://127.0.0.1:4193/node_modules/three/examples/jsm/lines/LineSegmentsGeometry.js → 200 (6ms, 6893B)
[2026-08-25T08:15:01.051Z] GET http://127.0.0.1:4193/node_modules/three/examples/jsm/lines/LineMaterial.js → 200 (6ms, 14020B)
[2026-08-25T08:15:01.051Z] GET http://127.0.0.1:4193/node_modules/three/examples/jsm/utils/BufferGeometryUtils.js → 200 (6ms, 37621B)
[2026-08-25T08:15:01.054Z] GET http://127.0.0.1:4193/node_modules/three/build/three.core.js → 200 (17ms, 1443056B)
[2026-08-25T08:15:09.180Z] GET http://127.0.0.1:4193/ → 200 (4ms, 5408B)
[2026-08-25T08:15:09.194Z] GET http://127.0.0.1:4193/styles.css → 200 (1ms, 8910B)
[2026-08-25T08:15:09.194Z] GET http://127.0.0.1:4193/node_modules/three/build/three.module.js → 200 (9ms, 650153B)
[2026-08-25T08:15:09.194Z] GET http://127.0.0.1:4193/assets/wattle-bouquet-poster.png → 200 (2ms, 490393B)
[2026-08-25T08:15:09.194Z] GET http://127.0.0.1:4193/script.js → 200 (6ms, 118058B)
[2026-08-25T08:15:09.201Z] GET http://127.0.0.1:4193/node_modules/three/examples/jsm/controls/OrbitControls.js → 200 (3ms, 40504B)
[2026-08-25T08:15:09.201Z] GET http://127.0.0.1:4193/node_modules/three/examples/jsm/exporters/GLTFExporter.js → 200 (4ms, 92973B)
[2026-08-25T08:15:09.201Z] GET http://127.0.0.1:4193/node_modules/three/examples/jsm/lines/LineSegments2.js → 200 (5ms, 11477B)
[2026-08-25T08:15:09.201Z] GET http://127.0.0.1:4193/node_modules/three/examples/jsm/lines/LineSegmentsGeometry.js → 200 (5ms, 6893B)
[2026-08-25T08:15:09.201Z] GET http://127.0.0.1:4193/node_modules/three/examples/jsm/lines/LineMaterial.js → 200 (5ms, 14020B)
[2026-08-25T08:15:09.201Z] GET http://127.0.0.1:4193/node_modules/three/examples/jsm/utils/BufferGeometryUtils.js → 200 (6ms, 37621B)
[2026-08-25T08:15:09.204Z] GET http://127.0.0.1:4193/node_modules/three/build/three.core.js → 200 (17ms, 1443056B)
[2026-08-25T08:15:16.277Z] GET http://127.0.0.1:4193/ → 200 (3ms, 5408B)
[2026-08-25T08:15:16.287Z] GET http://127.0.0.1:4193/styles.css → 200 (2ms, 8910B)
[2026-08-25T08:15:16.287Z] GET http://127.0.0.1:4193/node_modules/three/build/three.module.js → 200 (12ms, 650153B)
[2026-08-25T08:15:16.288Z] GET http://127.0.0.1:4193/assets/wattle-bouquet-poster.png → 200 (3ms, 490393B)
[2026-08-25T08:15:16.288Z] GET http://127.0.0.1:4193/script.js → 200 (5ms, 118058B)
[2026-08-25T08:15:16.293Z] GET http://127.0.0.1:4193/node_modules/three/examples/jsm/controls/OrbitControls.js → 200 (5ms, 40504B)
[2026-08-25T08:15:16.293Z] GET http://127.0.0.1:4193/node_modules/three/examples/jsm/exporters/GLTFExporter.js → 200 (7ms, 92973B)
[2026-08-25T08:15:16.293Z] GET http://127.0.0.1:4193/node_modules/three/examples/jsm/lines/LineSegments2.js → 200 (6ms, 11477B)
[2026-08-25T08:15:16.293Z] GET http://127.0.0.1:4193/node_modules/three/examples/jsm/lines/LineSegmentsGeometry.js → 200 (6ms, 6893B)
[2026-08-25T08:15:16.293Z] GET http://127.0.0.1:4193/node_modules/three/examples/jsm/lines/LineMaterial.js → 200 (7ms, 14020B)
[2026-08-25T08:15:16.293Z] GET http://127.0.0.1:4193/node_modules/three/examples/jsm/utils/BufferGeometryUtils.js → 200 (7ms, 37621B)
[2026-08-25T08:15:16.301Z] GET http://127.0.0.1:4193/node_modules/three/build/three.core.js → 200 (14ms, 1443056B)
[2026-08-25T08:15:23.288Z] GET http://127.0.0.1:4193/ → 200 (4ms, 5408B)
[2026-08-25T08:15:23.299Z] GET http://127.0.0.1:4193/styles.css → 200 (2ms, 8910B)
[2026-08-25T08:15:23.300Z] GET http://127.0.0.1:4193/node_modules/three/build/three.module.js → 200 (10ms, 650153B)
[2026-08-25T08:15:23.300Z] GET http://127.0.0.1:4193/assets/wattle-bouquet-poster.png → 200 (3ms, 490393B)
[2026-08-25T08:15:23.300Z] GET http://127.0.0.1:4193/script.js → 200 (4ms, 118058B)
[2026-08-25T08:15:23.304Z] GET http://127.0.0.1:4193/node_modules/three/examples/jsm/controls/OrbitControls.js → 200 (5ms, 40504B)
[2026-08-25T08:15:23.304Z] GET http://127.0.0.1:4193/node_modules/three/examples/jsm/exporters/GLTFExporter.js → 200 (6ms, 92973B)
[2026-08-25T08:15:23.304Z] GET http://127.0.0.1:4193/node_modules/three/examples/jsm/lines/LineSegments2.js → 200 (5ms, 11477B)
[2026-08-25T08:15:23.305Z] GET http://127.0.0.1:4193/node_modules/three/examples/jsm/lines/LineSegmentsGeometry.js → 200 (6ms, 6893B)
[2026-08-25T08:15:23.305Z] GET http://127.0.0.1:4193/node_modules/three/examples/jsm/lines/LineMaterial.js → 200 (6ms, 14020B)
[2026-08-25T08:15:23.305Z] GET http://127.0.0.1:4193/node_modules/three/examples/jsm/utils/BufferGeometryUtils.js → 200 (6ms, 37621B)
[2026-08-25T08:15:23.311Z] GET http://127.0.0.1:4193/node_modules/three/build/three.core.js → 200 (16ms, 1443056B)
[2026-08-25T08:15:30.407Z] GET http://127.0.0.1:4193/ → 200 (4ms, 5408B)
[2026-08-25T08:15:30.417Z] GET http://127.0.0.1:4193/styles.css → 200 (2ms, 8910B)
[2026-08-25T08:15:30.417Z] GET http://127.0.0.1:4193/node_modules/three/build/three.module.js → 200 (10ms, 650153B)
[2026-08-25T08:15:30.417Z] GET http://127.0.0.1:4193/assets/wattle-bouquet-poster.png → 200 (3ms, 490393B)
[2026-08-25T08:15:30.417Z] GET http://127.0.0.1:4193/script.js → 200 (5ms, 118058B)
[2026-08-25T08:15:30.423Z] GET http://127.0.0.1:4193/node_modules/three/examples/jsm/controls/OrbitControls.js → 200 (5ms, 40504B)
[2026-08-25T08:15:30.423Z] GET http://127.0.0.1:4193/node_modules/three/examples/jsm/exporters/GLTFExporter.js → 200 (6ms, 92973B)
[2026-08-25T08:15:30.423Z] GET http://127.0.0.1:4193/node_modules/three/examples/jsm/lines/LineSegments2.js → 200 (5ms, 11477B)
[2026-08-25T08:15:30.423Z] GET http://127.0.0.1:4193/node_modules/three/examples/jsm/lines/LineSegmentsGeometry.js → 200 (6ms, 6893B)
[2026-08-25T08:15:30.423Z] GET http://127.0.0.1:4193/node_modules/three/examples/jsm/lines/LineMaterial.js → 200 (6ms, 14020B)
[2026-08-25T08:15:30.423Z] GET http://127.0.0.1:4193/node_modules/three/examples/jsm/utils/BufferGeometryUtils.js → 200 (7ms, 37621B)
[2026-08-25T08:15:30.428Z] GET http://127.0.0.1:4193/node_modules/three/build/three.core.js → 200 (16ms, 1443056B)
[2026-08-25T08:15:37.451Z] GET http://127.0.0.1:4193/ → 200 (3ms, 5408B)
[2026-08-25T08:15:37.463Z] GET http://127.0.0.1:4193/styles.css → 200 (1ms, 8910B)
[2026-08-25T08:15:37.463Z] GET http://127.0.0.1:4193/node_modules/three/build/three.module.js → 200 (9ms, 650153B)
[2026-08-25T08:15:37.463Z] GET http://127.0.0.1:4193/assets/wattle-bouquet-poster.png → 200 (2ms, 490393B)
[2026-08-25T08:15:37.463Z] GET http://127.0.0.1:4193/script.js → 200 (4ms, 118058B)
[2026-08-25T08:15:37.468Z] GET http://127.0.0.1:4193/node_modules/three/examples/jsm/controls/OrbitControls.js → 200 (6ms, 40504B)
[2026-08-25T08:15:37.468Z] GET http://127.0.0.1:4193/node_modules/three/examples/jsm/exporters/GLTFExporter.js → 200 (6ms, 92973B)
[2026-08-25T08:15:37.468Z] GET http://127.0.0.1:4193/node_modules/three/examples/jsm/lines/LineSegments2.js → 200 (5ms, 11477B)
[2026-08-25T08:15:37.468Z] GET http://127.0.0.1:4193/node_modules/three/examples/jsm/lines/LineSegmentsGeometry.js → 200 (5ms, 6893B)
[2026-08-25T08:15:37.468Z] GET http://127.0.0.1:4193/node_modules/three/examples/jsm/lines/LineMaterial.js → 200 (6ms, 14020B)
[2026-08-25T08:15:37.468Z] GET http://127.0.0.1:4193/node_modules/three/examples/jsm/utils/BufferGeometryUtils.js → 200 (6ms, 37621B)
[2026-08-25T08:15:37.472Z] GET http://127.0.0.1:4193/node_modules/three/build/three.core.js → 200 (17ms, 1443056B)
[2026-08-25T08:15:45.394Z] GET http://127.0.0.1:4193/ → 200 (4ms, 5408B)
[2026-08-25T08:15:45.407Z] GET http://127.0.0.1:4193/styles.css → 200 (1ms, 8910B)
[2026-08-25T08:15:45.407Z] GET http://127.0.0.1:4193/node_modules/three/build/three.module.js → 200 (11ms, 650153B)
[2026-08-25T08:15:45.407Z] GET http://127.0.0.1:4193/assets/wattle-bouquet-poster.png → 200 (3ms, 490393B)
[2026-08-25T08:15:45.407Z] GET http://127.0.0.1:4193/script.js → 200 (4ms, 118058B)
[2026-08-25T08:15:45.412Z] GET http://127.0.0.1:4193/node_modules/three/examples/jsm/controls/OrbitControls.js → 200 (5ms, 40504B)
[2026-08-25T08:15:45.412Z] GET http://127.0.0.1:4193/node_modules/three/examples/jsm/exporters/GLTFExporter.js → 200 (7ms, 92973B)
[2026-08-25T08:15:45.412Z] GET http://127.0.0.1:4193/node_modules/three/examples/jsm/lines/LineSegments2.js → 200 (5ms, 11477B)
[2026-08-25T08:15:45.412Z] GET http://127.0.0.1:4193/node_modules/three/examples/jsm/lines/LineSegmentsGeometry.js → 200 (4ms, 6893B)
[2026-08-25T08:15:45.412Z] GET http://127.0.0.1:4193/node_modules/three/examples/jsm/lines/LineMaterial.js → 200 (5ms, 14020B)
[2026-08-25T08:15:45.412Z] GET http://127.0.0.1:4193/node_modules/three/examples/jsm/utils/BufferGeometryUtils.js → 200 (5ms, 37621B)
[2026-08-25T08:15:45.419Z] GET http://127.0.0.1:4193/node_modules/three/build/three.core.js → 200 (16ms, 1443056B)
[2026-08-25T08:15:59.346Z] GET http://127.0.0.1:4193/ → 200 (4ms, 5408B)
[2026-08-25T08:15:59.361Z] GET http://127.0.0.1:4193/styles.css → 200 (2ms, 8910B)
[2026-08-25T08:15:59.361Z] GET http://127.0.0.1:4193/node_modules/three/build/three.module.js → 200 (10ms, 650153B)
[2026-08-25T08:15:59.361Z] GET http://127.0.0.1:4193/assets/wattle-bouquet-poster.png → 200 (4ms, 490393B)
[2026-08-25T08:15:59.361Z] GET http://127.0.0.1:4193/script.js → 200 (5ms, 118058B)
[2026-08-25T08:15:59.367Z] GET http://127.0.0.1:4193/node_modules/three/examples/jsm/controls/OrbitControls.js → 200 (4ms, 40504B)
[2026-08-25T08:15:59.367Z] GET http://127.0.0.1:4193/node_modules/three/examples/jsm/exporters/GLTFExporter.js → 200 (6ms, 92973B)
[2026-08-25T08:15:59.367Z] GET http://127.0.0.1:4193/node_modules/three/examples/jsm/lines/LineSegments2.js → 200 (5ms, 11477B)
[2026-08-25T08:15:59.367Z] GET http://127.0.0.1:4193/node_modules/three/examples/jsm/lines/LineSegmentsGeometry.js → 200 (4ms, 6893B)
[2026-08-25T08:15:59.367Z] GET http://127.0.0.1:4193/node_modules/three/examples/jsm/lines/LineMaterial.js → 200 (5ms, 14020B)
[2026-08-25T08:15:59.367Z] GET http://127.0.0.1:4193/node_modules/three/examples/jsm/utils/BufferGeometryUtils.js → 200 (6ms, 37621B)
[2026-08-25T08:15:59.372Z] GET http://127.0.0.1:4193/node_modules/three/build/three.core.js → 200 (17ms, 1443056B)
[2026-08-25T08:16:26.332Z] GET http://127.0.0.1:4193/ → 200 (3ms, 5408B)
[2026-08-25T08:16:26.350Z] GET http://127.0.0.1:4193/styles.css → 200 (3ms, 8910B)
[2026-08-25T08:16:26.350Z] GET http://127.0.0.1:4193/node_modules/three/build/three.module.js → 200 (9ms, 650153B)
[2026-08-25T08:16:26.350Z] GET http://127.0.0.1:4193/assets/wattle-bouquet-poster.png → 200 (4ms, 490393B)
[2026-08-25T08:16:26.350Z] GET http://127.0.0.1:4193/script.js → 200 (6ms, 118058B)
[2026-08-25T08:16:26.357Z] GET http://127.0.0.1:4193/node_modules/three/examples/jsm/controls/OrbitControls.js → 200 (5ms, 40504B)
[2026-08-25T08:16:26.357Z] GET http://127.0.0.1:4193/node_modules/three/examples/jsm/exporters/GLTFExporter.js → 200 (6ms, 92973B)
[2026-08-25T08:16:26.357Z] GET http://127.0.0.1:4193/node_modules/three/examples/jsm/lines/LineSegments2.js → 200 (4ms, 11477B)
[2026-08-25T08:16:26.357Z] GET http://127.0.0.1:4193/node_modules/three/examples/jsm/lines/LineSegmentsGeometry.js → 200 (5ms, 6893B)
[2026-08-25T08:16:26.357Z] GET http://127.0.0.1:4193/node_modules/three/examples/jsm/lines/LineMaterial.js → 200 (5ms, 14020B)
[2026-08-25T08:16:26.357Z] GET http://127.0.0.1:4193/node_modules/three/examples/jsm/utils/BufferGeometryUtils.js → 200 (6ms, 37621B)
[2026-08-25T08:16:26.359Z] GET http://127.0.0.1:4193/node_modules/three/build/three.core.js → 200 (20ms, 1443056B)
[2026-08-25T08:16:34.447Z] GET http://127.0.0.1:4193/ → 200 (4ms, 5408B)
[2026-08-25T08:16:34.463Z] GET http://127.0.0.1:4193/styles.css → 200 (2ms, 8910B)
[2026-08-25T08:16:34.463Z] GET http://127.0.0.1:4193/node_modules/three/build/three.module.js → 200 (11ms, 650153B)
[2026-08-25T08:16:34.463Z] GET http://127.0.0.1:4193/assets/wattle-bouquet-poster.png → 200 (4ms, 490393B)
[2026-08-25T08:16:34.463Z] GET http://127.0.0.1:4193/script.js → 200 (5ms, 118058B)
[2026-08-25T08:16:34.469Z] GET http://127.0.0.1:4193/node_modules/three/examples/jsm/controls/OrbitControls.js → 200 (4ms, 40504B)
[2026-08-25T08:16:34.469Z] GET http://127.0.0.1:4193/node_modules/three/examples/jsm/exporters/GLTFExporter.js → 200 (6ms, 92973B)
[2026-08-25T08:16:34.469Z] GET http://127.0.0.1:4193/node_modules/three/examples/jsm/lines/LineSegments2.js → 200 (5ms, 11477B)
[2026-08-25T08:16:34.469Z] GET http://127.0.0.1:4193/node_modules/three/examples/jsm/lines/LineSegmentsGeometry.js → 200 (5ms, 6893B)
[2026-08-25T08:16:34.469Z] GET http://127.0.0.1:4193/node_modules/three/examples/jsm/lines/LineMaterial.js → 200 (6ms, 14020B)
[2026-08-25T08:16:34.469Z] GET http://127.0.0.1:4193/node_modules/three/examples/jsm/utils/BufferGeometryUtils.js → 200 (6ms, 37621B)
[2026-08-25T08:16:34.475Z] GET http://127.0.0.1:4193/node_modules/three/build/three.core.js → 200 (15ms, 1443056B)
[2026-08-25T08:16:42.766Z] GET http://127.0.0.1:4193/ → 200 (3ms, 5408B)
[2026-08-25T08:16:42.781Z] GET http://127.0.0.1:4193/styles.css → 200 (1ms, 8910B)
[2026-08-25T08:16:42.781Z] GET http://127.0.0.1:4193/node_modules/three/build/three.module.js → 200 (21ms, 650153B)
[2026-08-25T08:16:42.781Z] GET http://127.0.0.1:4193/assets/wattle-bouquet-poster.png → 200 (16ms, 490393B)
[2026-08-25T08:16:42.781Z] GET http://127.0.0.1:4193/script.js → 200 (21ms, 118058B)
[2026-08-25T08:16:42.802Z] GET http://127.0.0.1:4193/node_modules/three/examples/jsm/controls/OrbitControls.js → 200 (15ms, 40504B)
[2026-08-25T08:16:42.802Z] GET http://127.0.0.1:4193/node_modules/three/examples/jsm/exporters/GLTFExporter.js → 200 (16ms, 92973B)
[2026-08-25T08:16:42.802Z] GET http://127.0.0.1:4193/node_modules/three/examples/jsm/lines/LineSegments2.js → 200 (14ms, 11477B)
[2026-08-25T08:16:42.803Z] GET http://127.0.0.1:4193/node_modules/three/examples/jsm/lines/LineSegmentsGeometry.js → 200 (13ms, 6893B)
[2026-08-25T08:16:42.803Z] GET http://127.0.0.1:4193/node_modules/three/examples/jsm/lines/LineMaterial.js → 200 (13ms, 14020B)
[2026-08-25T08:16:42.803Z] GET http://127.0.0.1:4193/node_modules/three/examples/jsm/utils/BufferGeometryUtils.js → 200 (14ms, 37621B)
[2026-08-25T08:16:42.803Z] GET http://127.0.0.1:4193/node_modules/three/build/three.core.js → 200 (47ms, 1443056B)
[2026-08-25T08:16:52.476Z] GET http://127.0.0.1:4193/ → 200 (4ms, 5408B)
[2026-08-25T08:16:52.490Z] GET http://127.0.0.1:4193/styles.css → 200 (1ms, 8910B)
[2026-08-25T08:16:52.490Z] GET http://127.0.0.1:4193/node_modules/three/build/three.module.js → 200 (13ms, 650153B)
[2026-08-25T08:16:52.490Z] GET http://127.0.0.1:4193/assets/wattle-bouquet-poster.png → 200 (2ms, 490393B)
[2026-08-25T08:16:52.490Z] GET http://127.0.0.1:4193/script.js → 200 (6ms, 118058B)
[2026-08-25T08:16:52.496Z] GET http://127.0.0.1:4193/node_modules/three/examples/jsm/controls/OrbitControls.js → 200 (4ms, 40504B)
[2026-08-25T08:16:52.496Z] GET http://127.0.0.1:4193/node_modules/three/examples/jsm/exporters/GLTFExporter.js → 200 (6ms, 92973B)
[2026-08-25T08:16:52.496Z] GET http://127.0.0.1:4193/node_modules/three/examples/jsm/lines/LineSegments2.js → 200 (5ms, 11477B)
[2026-08-25T08:16:52.496Z] GET http://127.0.0.1:4193/node_modules/three/examples/jsm/lines/LineSegmentsGeometry.js → 200 (5ms, 6893B)
[2026-08-25T08:16:52.496Z] GET http://127.0.0.1:4193/node_modules/three/examples/jsm/lines/LineMaterial.js → 200 (6ms, 14020B)
[2026-08-25T08:16:52.496Z] GET http://127.0.0.1:4193/node_modules/three/examples/jsm/utils/BufferGeometryUtils.js → 200 (7ms, 37621B)
[2026-08-25T08:16:52.504Z] GET http://127.0.0.1:4193/node_modules/three/build/three.core.js → 200 (15ms, 1443056B)
[2026-08-25T08:17:00.583Z] GET http://127.0.0.1:4193/ → 200 (3ms, 5408B)
[2026-08-25T08:17:00.598Z] GET http://127.0.0.1:4193/styles.css → 200 (1ms, 8910B)
[2026-08-25T08:17:00.598Z] GET http://127.0.0.1:4193/node_modules/three/build/three.module.js → 200 (9ms, 650153B)
[2026-08-25T08:17:00.598Z] GET http://127.0.0.1:4193/assets/wattle-bouquet-poster.png → 200 (2ms, 490393B)
[2026-08-25T08:17:00.598Z] GET http://127.0.0.1:4193/script.js → 200 (4ms, 118058B)
[2026-08-25T08:17:00.603Z] GET http://127.0.0.1:4193/node_modules/three/examples/jsm/controls/OrbitControls.js → 200 (5ms, 40504B)
[2026-08-25T08:17:00.603Z] GET http://127.0.0.1:4193/node_modules/three/examples/jsm/exporters/GLTFExporter.js → 200 (7ms, 92973B)
[2026-08-25T08:17:00.603Z] GET http://127.0.0.1:4193/node_modules/three/examples/jsm/lines/LineSegments2.js → 200 (5ms, 11477B)
[2026-08-25T08:17:00.603Z] GET http://127.0.0.1:4193/node_modules/three/examples/jsm/lines/LineSegmentsGeometry.js → 200 (6ms, 6893B)
[2026-08-25T08:17:00.603Z] GET http://127.0.0.1:4193/node_modules/three/examples/jsm/lines/LineMaterial.js → 200 (7ms, 14020B)
[2026-08-25T08:17:00.603Z] GET http://127.0.0.1:4193/node_modules/three/examples/jsm/utils/BufferGeometryUtils.js → 200 (7ms, 37621B)
[2026-08-25T08:17:00.609Z] GET http://127.0.0.1:4193/node_modules/three/build/three.core.js → 200 (16ms, 1443056B)
[2026-08-25T08:17:09.884Z] GET http://127.0.0.1:4193/ → 200 (4ms, 5408B)
[2026-08-25T08:17:09.898Z] GET http://127.0.0.1:4193/styles.css → 200 (1ms, 8910B)
[2026-08-25T08:17:09.898Z] GET http://127.0.0.1:4193/node_modules/three/build/three.module.js → 200 (11ms, 650153B)
[2026-08-25T08:17:09.898Z] GET http://127.0.0.1:4193/assets/wattle-bouquet-poster.png → 200 (3ms, 490393B)
[2026-08-25T08:17:09.898Z] GET http://127.0.0.1:4193/script.js → 200 (5ms, 118058B)
[2026-08-25T08:17:09.904Z] GET http://127.0.0.1:4193/node_modules/three/examples/jsm/controls/OrbitControls.js → 200 (4ms, 40504B)
[2026-08-25T08:17:09.904Z] GET http://127.0.0.1:4193/node_modules/three/examples/jsm/exporters/GLTFExporter.js → 200 (6ms, 92973B)
[2026-08-25T08:17:09.904Z] GET http://127.0.0.1:4193/node_modules/three/examples/jsm/lines/LineSegments2.js → 200 (3ms, 11477B)
[2026-08-25T08:17:09.904Z] GET http://127.0.0.1:4193/node_modules/three/examples/jsm/lines/LineSegmentsGeometry.js → 200 (4ms, 6893B)
[2026-08-25T08:17:09.904Z] GET http://127.0.0.1:4193/node_modules/three/examples/jsm/lines/LineMaterial.js → 200 (5ms, 14020B)
[2026-08-25T08:17:09.904Z] GET http://127.0.0.1:4193/node_modules/three/examples/jsm/utils/BufferGeometryUtils.js → 200 (7ms, 37621B)
[2026-08-25T08:17:09.910Z] GET http://127.0.0.1:4193/node_modules/three/build/three.core.js → 200 (16ms, 1443056B)
[2026-08-25T08:17:18.163Z] GET http://127.0.0.1:4193/ → 200 (3ms, 5408B)
[2026-08-25T08:17:18.175Z] GET http://127.0.0.1:4193/styles.css → 200 (4ms, 8910B)
[2026-08-25T08:17:18.175Z] GET http://127.0.0.1:4193/node_modules/three/build/three.module.js → 200 (13ms, 650153B)
[2026-08-25T08:17:18.175Z] GET http://127.0.0.1:4193/assets/wattle-bouquet-poster.png → 200 (6ms, 490393B)
[2026-08-25T08:17:18.176Z] GET http://127.0.0.1:4193/script.js → 200 (7ms, 118058B)
[2026-08-25T08:17:18.184Z] GET http://127.0.0.1:4193/node_modules/three/examples/jsm/controls/OrbitControls.js → 200 (5ms, 40504B)
[2026-08-25T08:17:18.184Z] GET http://127.0.0.1:4193/node_modules/three/examples/jsm/exporters/GLTFExporter.js → 200 (7ms, 92973B)
[2026-08-25T08:17:18.184Z] GET http://127.0.0.1:4193/node_modules/three/examples/jsm/lines/LineSegments2.js → 200 (5ms, 11477B)
[2026-08-25T08:17:18.184Z] GET http://127.0.0.1:4193/node_modules/three/examples/jsm/lines/LineSegmentsGeometry.js → 200 (6ms, 6893B)
[2026-08-25T08:17:18.184Z] GET http://127.0.0.1:4193/node_modules/three/examples/jsm/lines/LineMaterial.js → 200 (6ms, 14020B)
[2026-08-25T08:17:18.184Z] GET http://127.0.0.1:4193/node_modules/three/examples/jsm/utils/BufferGeometryUtils.js → 200 (7ms, 37621B)
[2026-08-25T08:17:18.190Z] GET http://127.0.0.1:4193/node_modules/three/build/three.core.js → 200 (16ms, 1443056B)
[2026-08-25T08:17:25.213Z] GET http://127.0.0.1:4193/ → 200 (4ms, 5408B)
[2026-08-25T08:17:25.224Z] GET http://127.0.0.1:4193/styles.css → 200 (2ms, 8910B)
[2026-08-25T08:17:25.224Z] GET http://127.0.0.1:4193/node_modules/three/build/three.module.js → 200 (12ms, 650153B)
[2026-08-25T08:17:25.225Z] GET http://127.0.0.1:4193/assets/wattle-bouquet-poster.png → 200 (3ms, 490393B)
[2026-08-25T08:17:25.225Z] GET http://127.0.0.1:4193/script.js → 200 (4ms, 118058B)
[2026-08-25T08:17:25.230Z] GET http://127.0.0.1:4193/node_modules/three/examples/jsm/controls/OrbitControls.js → 200 (5ms, 40504B)
[2026-08-25T08:17:25.230Z] GET http://127.0.0.1:4193/node_modules/three/examples/jsm/exporters/GLTFExporter.js → 200 (8ms, 92973B)
[2026-08-25T08:17:25.230Z] GET http://127.0.0.1:4193/node_modules/three/examples/jsm/lines/LineSegments2.js → 200 (6ms, 11477B)
[2026-08-25T08:17:25.230Z] GET http://127.0.0.1:4193/node_modules/three/examples/jsm/lines/LineSegmentsGeometry.js → 200 (6ms, 6893B)
[2026-08-25T08:17:25.231Z] GET http://127.0.0.1:4193/node_modules/three/examples/jsm/lines/LineMaterial.js → 200 (6ms, 14020B)
[2026-08-25T08:17:25.231Z] GET http://127.0.0.1:4193/node_modules/three/examples/jsm/utils/BufferGeometryUtils.js → 200 (7ms, 37621B)
[2026-08-25T08:17:25.238Z] GET http://127.0.0.1:4193/node_modules/three/build/three.core.js → 200 (16ms, 1443056B)
[2026-08-25T08:17:32.302Z] GET http://127.0.0.1:4193/ → 200 (4ms, 5408B)
[2026-08-25T08:17:32.312Z] GET http://127.0.0.1:4193/styles.css → 200 (2ms, 8910B)
[2026-08-25T08:17:32.312Z] GET http://127.0.0.1:4193/node_modules/three/build/three.module.js → 200 (10ms, 650153B)
[2026-08-25T08:17:32.312Z] GET http://127.0.0.1:4193/assets/wattle-bouquet-poster.png → 200 (4ms, 490393B)
[2026-08-25T08:17:32.312Z] GET http://127.0.0.1:4193/script.js → 200 (5ms, 118058B)
[2026-08-25T08:17:32.318Z] GET http://127.0.0.1:4193/node_modules/three/examples/jsm/controls/OrbitControls.js → 200 (5ms, 40504B)
[2026-08-25T08:17:32.318Z] GET http://127.0.0.1:4193/node_modules/three/examples/jsm/exporters/GLTFExporter.js → 200 (7ms, 92973B)
[2026-08-25T08:17:32.318Z] GET http://127.0.0.1:4193/node_modules/three/examples/jsm/lines/LineSegments2.js → 200 (5ms, 11477B)
[2026-08-25T08:17:32.318Z] GET http://127.0.0.1:4193/node_modules/three/examples/jsm/lines/LineSegmentsGeometry.js → 200 (5ms, 6893B)
[2026-08-25T08:17:32.318Z] GET http://127.0.0.1:4193/node_modules/three/examples/jsm/lines/LineMaterial.js → 200 (7ms, 14020B)
[2026-08-25T08:17:32.318Z] GET http://127.0.0.1:4193/node_modules/three/examples/jsm/utils/BufferGeometryUtils.js → 200 (7ms, 37621B)
[2026-08-25T08:17:32.323Z] GET http://127.0.0.1:4193/node_modules/three/build/three.core.js → 200 (16ms, 1443056B)
[2026-08-25T08:17:39.392Z] GET http://127.0.0.1:4193/ → 200 (3ms, 5408B)
[2026-08-25T08:17:39.402Z] GET http://127.0.0.1:4193/styles.css → 200 (1ms, 8910B)
[2026-08-25T08:17:39.402Z] GET http://127.0.0.1:4193/node_modules/three/build/three.module.js → 200 (11ms, 650153B)
[2026-08-25T08:17:39.402Z] GET http://127.0.0.1:4193/assets/wattle-bouquet-poster.png → 200 (4ms, 490393B)
[2026-08-25T08:17:39.402Z] GET http://127.0.0.1:4193/script.js → 200 (6ms, 118058B)
[2026-08-25T08:17:39.408Z] GET http://127.0.0.1:4193/node_modules/three/examples/jsm/controls/OrbitControls.js → 200 (6ms, 40504B)
[2026-08-25T08:17:39.409Z] GET http://127.0.0.1:4193/node_modules/three/examples/jsm/exporters/GLTFExporter.js → 200 (7ms, 92973B)
[2026-08-25T08:17:39.409Z] GET http://127.0.0.1:4193/node_modules/three/examples/jsm/lines/LineSegments2.js → 200 (6ms, 11477B)
[2026-08-25T08:17:39.409Z] GET http://127.0.0.1:4193/node_modules/three/examples/jsm/lines/LineSegmentsGeometry.js → 200 (5ms, 6893B)
[2026-08-25T08:17:39.409Z] GET http://127.0.0.1:4193/node_modules/three/examples/jsm/lines/LineMaterial.js → 200 (6ms, 14020B)
[2026-08-25T08:17:39.409Z] GET http://127.0.0.1:4193/node_modules/three/examples/jsm/utils/BufferGeometryUtils.js → 200 (6ms, 37621B)
[2026-08-25T08:17:39.415Z] GET http://127.0.0.1:4193/node_modules/three/build/three.core.js → 200 (17ms, 1443056B)
[2026-08-25T08:17:46.457Z] GET http://127.0.0.1:4193/ → 200 (4ms, 5408B)
[2026-08-25T08:17:46.469Z] GET http://127.0.0.1:4193/styles.css → 200 (3ms, 8910B)
[2026-08-25T08:17:46.469Z] GET http://127.0.0.1:4193/node_modules/three/build/three.module.js → 200 (12ms, 650153B)
[2026-08-25T08:17:46.470Z] GET http://127.0.0.1:4193/assets/wattle-bouquet-poster.png → 200 (3ms, 490393B)
[2026-08-25T08:17:46.470Z] GET http://127.0.0.1:4193/script.js → 200 (4ms, 118058B)
[2026-08-25T08:17:46.477Z] GET http://127.0.0.1:4193/node_modules/three/examples/jsm/controls/OrbitControls.js → 200 (7ms, 40504B)
[2026-08-25T08:17:46.477Z] GET http://127.0.0.1:4193/node_modules/three/examples/jsm/exporters/GLTFExporter.js → 200 (7ms, 92973B)
[2026-08-25T08:17:46.477Z] GET http://127.0.0.1:4193/node_modules/three/examples/jsm/lines/LineSegments2.js → 200 (6ms, 11477B)
[2026-08-25T08:17:46.477Z] GET http://127.0.0.1:4193/node_modules/three/examples/jsm/lines/LineSegmentsGeometry.js → 200 (6ms, 6893B)
[2026-08-25T08:17:46.477Z] GET http://127.0.0.1:4193/node_modules/three/examples/jsm/lines/LineMaterial.js → 200 (6ms, 14020B)
[2026-08-25T08:17:46.477Z] GET http://127.0.0.1:4193/node_modules/three/examples/jsm/utils/BufferGeometryUtils.js → 200 (7ms, 37621B)
[2026-08-25T08:17:46.482Z] GET http://127.0.0.1:4193/node_modules/three/build/three.core.js → 200 (16ms, 1443056B)
[2026-08-25T08:17:54.690Z] GET http://127.0.0.1:4193/ → 200 (4ms, 5408B)
[2026-08-25T08:17:54.703Z] GET http://127.0.0.1:4193/styles.css → 200 (2ms, 8910B)
[2026-08-25T08:17:54.703Z] GET http://127.0.0.1:4193/node_modules/three/build/three.module.js → 200 (11ms, 650153B)
[2026-08-25T08:17:54.703Z] GET http://127.0.0.1:4193/assets/wattle-bouquet-poster.png → 200 (3ms, 490393B)
[2026-08-25T08:17:54.703Z] GET http://127.0.0.1:4193/script.js → 200 (7ms, 118058B)
[2026-08-25T08:17:54.711Z] GET http://127.0.0.1:4193/node_modules/three/examples/jsm/controls/OrbitControls.js → 200 (5ms, 40504B)
[2026-08-25T08:17:54.711Z] GET http://127.0.0.1:4193/node_modules/three/examples/jsm/exporters/GLTFExporter.js → 200 (7ms, 92973B)
[2026-08-25T08:17:54.711Z] GET http://127.0.0.1:4193/node_modules/three/examples/jsm/lines/LineSegments2.js → 200 (6ms, 11477B)
[2026-08-25T08:17:54.711Z] GET http://127.0.0.1:4193/node_modules/three/examples/jsm/lines/LineSegmentsGeometry.js → 200 (6ms, 6893B)
[2026-08-25T08:17:54.711Z] GET http://127.0.0.1:4193/node_modules/three/examples/jsm/lines/LineMaterial.js → 200 (6ms, 14020B)
[2026-08-25T08:17:54.711Z] GET http://127.0.0.1:4193/node_modules/three/examples/jsm/utils/BufferGeometryUtils.js → 200 (7ms, 37621B)
[2026-08-25T08:17:54.715Z] GET http://127.0.0.1:4193/node_modules/three/build/three.core.js → 200 (17ms, 1443056B)
[2026-08-25T08:18:02.940Z] GET http://127.0.0.1:4193/ → 200 (3ms, 5408B)
[2026-08-25T08:18:02.960Z] GET http://127.0.0.1:4193/styles.css → 200 (1ms, 8910B)
[2026-08-25T08:18:02.960Z] GET http://127.0.0.1:4193/node_modules/three/build/three.module.js → 200 (12ms, 650153B)
[2026-08-25T08:18:02.960Z] GET http://127.0.0.1:4193/assets/wattle-bouquet-poster.png → 200 (3ms, 490393B)
[2026-08-25T08:18:02.960Z] GET http://127.0.0.1:4193/script.js → 200 (7ms, 118058B)
[2026-08-25T08:18:02.968Z] GET http://127.0.0.1:4193/node_modules/three/examples/jsm/controls/OrbitControls.js → 200 (3ms, 40504B)
[2026-08-25T08:18:02.968Z] GET http://127.0.0.1:4193/node_modules/three/examples/jsm/exporters/GLTFExporter.js → 200 (5ms, 92973B)
[2026-08-25T08:18:02.968Z] GET http://127.0.0.1:4193/node_modules/three/examples/jsm/lines/LineSegments2.js → 200 (4ms, 11477B)
[2026-08-25T08:18:02.968Z] GET http://127.0.0.1:4193/node_modules/three/examples/jsm/lines/LineSegmentsGeometry.js → 200 (6ms, 6893B)
[2026-08-25T08:18:02.968Z] GET http://127.0.0.1:4193/node_modules/three/examples/jsm/lines/LineMaterial.js → 200 (6ms, 14020B)
[2026-08-25T08:18:02.968Z] GET http://127.0.0.1:4193/node_modules/three/examples/jsm/utils/BufferGeometryUtils.js → 200 (7ms, 37621B)
[2026-08-25T08:18:02.972Z] GET http://127.0.0.1:4193/node_modules/three/build/three.core.js → 200 (18ms, 1443056B)
[2026-08-25T08:18:25.492Z] GET http://127.0.0.1:4193/ → 200 (4ms, 5408B)
[2026-08-25T08:18:25.510Z] GET http://127.0.0.1:4193/styles.css → 200 (2ms, 8910B)
[2026-08-25T08:18:25.510Z] GET http://127.0.0.1:4193/node_modules/three/build/three.module.js → 200 (11ms, 650153B)
[2026-08-25T08:18:25.510Z] GET http://127.0.0.1:4193/assets/wattle-bouquet-poster.png → 200 (3ms, 490393B)
[2026-08-25T08:18:25.510Z] GET http://127.0.0.1:4193/script.js → 200 (6ms, 118058B)
[2026-08-25T08:18:25.516Z] GET http://127.0.0.1:4193/node_modules/three/examples/jsm/controls/OrbitControls.js → 200 (7ms, 40504B)
[2026-08-25T08:18:25.518Z] GET http://127.0.0.1:4193/node_modules/three/examples/jsm/exporters/GLTFExporter.js → 200 (5ms, 92973B)
[2026-08-25T08:18:25.518Z] GET http://127.0.0.1:4193/node_modules/three/examples/jsm/lines/LineSegments2.js → 200 (5ms, 11477B)
[2026-08-25T08:18:25.518Z] GET http://127.0.0.1:4193/node_modules/three/examples/jsm/lines/LineSegmentsGeometry.js → 200 (4ms, 6893B)
[2026-08-25T08:18:25.518Z] GET http://127.0.0.1:4193/node_modules/three/examples/jsm/lines/LineMaterial.js → 200 (5ms, 14020B)
[2026-08-25T08:18:25.518Z] GET http://127.0.0.1:4193/node_modules/three/examples/jsm/utils/BufferGeometryUtils.js → 200 (6ms, 37621B)
[2026-08-25T08:18:25.521Z] GET http://127.0.0.1:4193/node_modules/three/build/three.core.js → 200 (17ms, 1443056B)
[2026-08-25T08:19:03.687Z] GET http://127.0.0.1:4193/ → 200 (4ms, 5408B)
[2026-08-25T08:19:03.705Z] GET http://127.0.0.1:4193/styles.css → 200 (1ms, 8910B)
[2026-08-25T08:19:03.705Z] GET http://127.0.0.1:4193/node_modules/three/build/three.module.js → 200 (11ms, 650153B)
[2026-08-25T08:19:03.705Z] GET http://127.0.0.1:4193/assets/wattle-bouquet-poster.png → 200 (5ms, 490393B)
[2026-08-25T08:19:03.705Z] GET http://127.0.0.1:4193/script.js → 200 (5ms, 118058B)
[2026-08-25T08:19:03.711Z] GET http://127.0.0.1:4193/node_modules/three/examples/jsm/controls/OrbitControls.js → 200 (6ms, 40504B)
[2026-08-25T08:19:03.711Z] GET http://127.0.0.1:4193/node_modules/three/examples/jsm/exporters/GLTFExporter.js → 200 (7ms, 92973B)
[2026-08-25T08:19:03.711Z] GET http://127.0.0.1:4193/node_modules/three/examples/jsm/lines/LineSegments2.js → 200 (4ms, 11477B)
[2026-08-25T08:19:03.711Z] GET http://127.0.0.1:4193/node_modules/three/examples/jsm/lines/LineSegmentsGeometry.js → 200 (6ms, 6893B)
[2026-08-25T08:19:03.711Z] GET http://127.0.0.1:4193/node_modules/three/examples/jsm/lines/LineMaterial.js → 200 (6ms, 14020B)
[2026-08-25T08:19:03.711Z] GET http://127.0.0.1:4193/node_modules/three/examples/jsm/utils/BufferGeometryUtils.js → 200 (7ms, 37621B)
[2026-08-25T08:19:03.717Z] GET http://127.0.0.1:4193/node_modules/three/build/three.core.js → 200 (16ms, 1443056B)
[2026-08-25T08:19:56.029Z] GET http://127.0.0.1:4193/?qaFail=renderer → 200 (4ms, 5408B)
[2026-08-25T08:19:56.044Z] GET http://127.0.0.1:4193/styles.css → 200 (2ms, 8910B)
[2026-08-25T08:19:56.044Z] GET http://127.0.0.1:4193/node_modules/three/build/three.module.js → 200 (12ms, 650153B)
[2026-08-25T08:19:56.044Z] GET http://127.0.0.1:4193/assets/wattle-bouquet-poster.png → 200 (3ms, 490393B)
[2026-08-25T08:19:56.044Z] GET http://127.0.0.1:4193/script.js → 200 (5ms, 118058B)
[2026-08-25T08:19:56.050Z] GET http://127.0.0.1:4193/node_modules/three/examples/jsm/controls/OrbitControls.js → 200 (6ms, 40504B)
[2026-08-25T08:19:56.050Z] GET http://127.0.0.1:4193/node_modules/three/examples/jsm/exporters/GLTFExporter.js → 200 (7ms, 92973B)
[2026-08-25T08:19:56.050Z] GET http://127.0.0.1:4193/node_modules/three/examples/jsm/lines/LineSegments2.js → 200 (6ms, 11477B)
[2026-08-25T08:19:56.050Z] GET http://127.0.0.1:4193/node_modules/three/examples/jsm/lines/LineSegmentsGeometry.js → 200 (7ms, 6893B)
[2026-08-25T08:19:56.050Z] GET http://127.0.0.1:4193/node_modules/three/examples/jsm/lines/LineMaterial.js → 200 (7ms, 14020B)
[2026-08-25T08:19:56.050Z] GET http://127.0.0.1:4193/node_modules/three/examples/jsm/utils/BufferGeometryUtils.js → 200 (8ms, 37621B)
[2026-08-25T08:19:56.058Z] GET http://127.0.0.1:4193/node_modules/three/build/three.core.js → 200 (17ms, 1443056B)
[2026-08-25T08:21:19.050Z] GET http://127.0.0.1:4193/?qaFail=renderer → 200 (3ms, 5409B)
[2026-08-25T08:21:19.057Z] GET http://127.0.0.1:4193/styles.css → 200 (1ms, 9607B)
[2026-08-25T08:21:19.057Z] GET http://127.0.0.1:4193/node_modules/three/build/three.module.js → 200 (11ms, 650153B)
[2026-08-25T08:21:19.057Z] GET http://127.0.0.1:4193/assets/wattle-bouquet-poster.png → 200 (2ms, 490393B)
[2026-08-25T08:21:19.057Z] GET http://127.0.0.1:4193/script.js → 200 (4ms, 118058B)
[2026-08-25T08:21:19.062Z] GET http://127.0.0.1:4193/node_modules/three/examples/jsm/controls/OrbitControls.js → 200 (4ms, 40504B)
[2026-08-25T08:21:19.062Z] GET http://127.0.0.1:4193/node_modules/three/examples/jsm/exporters/GLTFExporter.js → 200 (7ms, 92973B)
[2026-08-25T08:21:19.062Z] GET http://127.0.0.1:4193/node_modules/three/examples/jsm/lines/LineSegments2.js → 200 (4ms, 11477B)
[2026-08-25T08:21:19.062Z] GET http://127.0.0.1:4193/node_modules/three/examples/jsm/lines/LineSegmentsGeometry.js → 200 (4ms, 6893B)
[2026-08-25T08:21:19.062Z] GET http://127.0.0.1:4193/node_modules/three/examples/jsm/lines/LineMaterial.js → 200 (5ms, 14020B)
[2026-08-25T08:21:19.062Z] GET http://127.0.0.1:4193/node_modules/three/examples/jsm/utils/BufferGeometryUtils.js → 200 (7ms, 37621B)
[2026-08-25T08:21:19.069Z] GET http://127.0.0.1:4193/node_modules/three/build/three.core.js → 200 (16ms, 1443056B)
[2026-08-25T08:22:06.695Z] GET http://127.0.0.1:4193/?poster=1&qaFail=renderer → 200 (3ms, 5409B)
[2026-08-25T08:22:06.701Z] GET http://127.0.0.1:4193/styles.css → 200 (2ms, 9607B)
[2026-08-25T08:22:06.701Z] GET http://127.0.0.1:4193/node_modules/three/build/three.module.js → 200 (13ms, 650153B)
[2026-08-25T08:22:06.701Z] GET http://127.0.0.1:4193/assets/wattle-bouquet-poster.png → 200 (3ms, 490393B)
[2026-08-25T08:22:06.701Z] GET http://127.0.0.1:4193/script.js → 200 (6ms, 118058B)
[2026-08-25T08:22:06.708Z] GET http://127.0.0.1:4193/node_modules/three/examples/jsm/controls/OrbitControls.js → 200 (4ms, 40504B)
[2026-08-25T08:22:06.708Z] GET http://127.0.0.1:4193/node_modules/three/examples/jsm/exporters/GLTFExporter.js → 200 (6ms, 92973B)
[2026-08-25T08:22:06.708Z] GET http://127.0.0.1:4193/node_modules/three/examples/jsm/lines/LineSegments2.js → 200 (4ms, 11477B)
[2026-08-25T08:22:06.709Z] GET http://127.0.0.1:4193/node_modules/three/examples/jsm/lines/LineSegmentsGeometry.js → 200 (3ms, 6893B)
[2026-08-25T08:22:06.709Z] GET http://127.0.0.1:4193/node_modules/three/examples/jsm/lines/LineMaterial.js → 200 (3ms, 14020B)
[2026-08-25T08:22:06.709Z] GET http://127.0.0.1:4193/node_modules/three/examples/jsm/utils/BufferGeometryUtils.js → 200 (4ms, 37621B)
[2026-08-25T08:22:06.714Z] GET http://127.0.0.1:4193/node_modules/three/build/three.core.js → 200 (19ms, 1443056B)
[2026-08-25T08:22:10.212Z] GET http://127.0.0.1:4193/?qaFail=renderer → 200 (2ms, 5409B)
[2026-08-25T08:22:10.218Z] GET http://127.0.0.1:4193/styles.css → 200 (1ms, 9607B)
[2026-08-25T08:22:10.218Z] GET http://127.0.0.1:4193/node_modules/three/build/three.module.js → 200 (9ms, 650153B)
[2026-08-25T08:22:10.218Z] GET http://127.0.0.1:4193/assets/wattle-bouquet-poster.png → 200 (2ms, 490393B)
[2026-08-25T08:22:10.218Z] GET http://127.0.0.1:4193/script.js → 200 (3ms, 118058B)
[2026-08-25T08:22:10.222Z] GET http://127.0.0.1:4193/node_modules/three/examples/jsm/controls/OrbitControls.js → 200 (2ms, 40504B)
[2026-08-25T08:22:10.222Z] GET http://127.0.0.1:4193/node_modules/three/examples/jsm/exporters/GLTFExporter.js → 200 (3ms, 92973B)
[2026-08-25T08:22:10.222Z] GET http://127.0.0.1:4193/node_modules/three/examples/jsm/lines/LineSegments2.js → 200 (3ms, 11477B)
[2026-08-25T08:22:10.222Z] GET http://127.0.0.1:4193/node_modules/three/examples/jsm/lines/LineSegmentsGeometry.js → 200 (3ms, 6893B)
[2026-08-25T08:22:10.222Z] GET http://127.0.0.1:4193/node_modules/three/examples/jsm/lines/LineMaterial.js → 200 (3ms, 14020B)
[2026-08-25T08:22:10.222Z] GET http://127.0.0.1:4193/node_modules/three/examples/jsm/utils/BufferGeometryUtils.js → 200 (3ms, 37621B)
[2026-08-25T08:22:10.227Z] GET http://127.0.0.1:4193/node_modules/three/build/three.core.js → 200 (13ms, 1443056B)
[2026-08-25T08:22:13.858Z] GET http://127.0.0.1:4193/ → 200 (2ms, 5409B)
[2026-08-25T08:22:13.864Z] GET http://127.0.0.1:4193/styles.css → 200 (1ms, 9607B)
[2026-08-25T08:22:13.864Z] GET http://127.0.0.1:4193/node_modules/three/build/three.module.js → 200 (8ms, 650153B)
[2026-08-25T08:22:13.864Z] GET http://127.0.0.1:4193/assets/wattle-bouquet-poster.png → 200 (2ms, 490393B)
[2026-08-25T08:22:13.864Z] GET http://127.0.0.1:4193/script.js → 200 (4ms, 118058B)
[2026-08-25T08:22:13.869Z] GET http://127.0.0.1:4193/node_modules/three/examples/jsm/controls/OrbitControls.js → 200 (3ms, 40504B)
[2026-08-25T08:22:13.869Z] GET http://127.0.0.1:4193/node_modules/three/examples/jsm/exporters/GLTFExporter.js → 200 (6ms, 92973B)
[2026-08-25T08:22:13.869Z] GET http://127.0.0.1:4193/node_modules/three/examples/jsm/lines/LineSegments2.js → 200 (4ms, 11477B)
[2026-08-25T08:22:13.869Z] GET http://127.0.0.1:4193/node_modules/three/examples/jsm/lines/LineSegmentsGeometry.js → 200 (5ms, 6893B)
[2026-08-25T08:22:13.869Z] GET http://127.0.0.1:4193/node_modules/three/examples/jsm/lines/LineMaterial.js → 200 (5ms, 14020B)
[2026-08-25T08:22:13.869Z] GET http://127.0.0.1:4193/node_modules/three/examples/jsm/utils/BufferGeometryUtils.js → 200 (6ms, 37621B)
[2026-08-25T08:22:13.874Z] GET http://127.0.0.1:4193/node_modules/three/build/three.core.js → 200 (13ms, 1443056B)
[2026-08-25T08:22:55.744Z] GET http://127.0.0.1:4193/ → 200 (4ms, 5409B)
[2026-08-25T08:22:55.758Z] GET http://127.0.0.1:4193/styles.css → 200 (1ms, 9607B)
[2026-08-25T08:22:55.758Z] GET http://127.0.0.1:4193/node_modules/three/build/three.module.js → 200 (12ms, 650153B)
[2026-08-25T08:22:55.758Z] GET http://127.0.0.1:4193/assets/wattle-bouquet-poster.png → 200 (4ms, 490393B)
[2026-08-25T08:22:55.758Z] GET http://127.0.0.1:4193/script.js → 200 (7ms, 118058B)
[2026-08-25T08:22:55.765Z] GET http://127.0.0.1:4193/node_modules/three/examples/jsm/controls/OrbitControls.js → 200 (6ms, 40504B)
[2026-08-25T08:22:55.765Z] GET http://127.0.0.1:4193/node_modules/three/examples/jsm/exporters/GLTFExporter.js → 200 (6ms, 92973B)
[2026-08-25T08:22:55.765Z] GET http://127.0.0.1:4193/node_modules/three/examples/jsm/lines/LineSegments2.js → 200 (7ms, 11477B)
[2026-08-25T08:22:55.765Z] GET http://127.0.0.1:4193/node_modules/three/examples/jsm/lines/LineSegmentsGeometry.js → 200 (6ms, 6893B)
[2026-08-25T08:22:55.765Z] GET http://127.0.0.1:4193/node_modules/three/examples/jsm/lines/LineMaterial.js → 200 (8ms, 14020B)
[2026-08-25T08:22:55.765Z] GET http://127.0.0.1:4193/node_modules/three/examples/jsm/utils/BufferGeometryUtils.js → 200 (8ms, 37621B)
[2026-08-25T08:22:55.771Z] GET http://127.0.0.1:4193/node_modules/three/build/three.core.js → 200 (15ms, 1443056B)
[2026-08-25T08:23:27.851Z] GET http://127.0.0.1:4193/?qaDelay=3000 → 200 (5ms, 5409B)
[2026-08-25T08:23:27.867Z] GET http://127.0.0.1:4193/styles.css → 200 (2ms, 9607B)
[2026-08-25T08:23:27.867Z] GET http://127.0.0.1:4193/node_modules/three/build/three.module.js → 200 (10ms, 650153B)
[2026-08-25T08:23:27.867Z] GET http://127.0.0.1:4193/assets/wattle-bouquet-poster.png → 200 (3ms, 490393B)
[2026-08-25T08:23:27.868Z] GET http://127.0.0.1:4193/script.js → 200 (6ms, 118058B)
[2026-08-25T08:23:27.876Z] GET http://127.0.0.1:4193/node_modules/three/examples/jsm/controls/OrbitControls.js → 200 (2ms, 40504B)
[2026-08-25T08:23:27.876Z] GET http://127.0.0.1:4193/node_modules/three/examples/jsm/exporters/GLTFExporter.js → 200 (4ms, 92973B)
[2026-08-25T08:23:27.876Z] GET http://127.0.0.1:4193/node_modules/three/examples/jsm/lines/LineSegments2.js → 200 (2ms, 11477B)
[2026-08-25T08:23:27.876Z] GET http://127.0.0.1:4193/node_modules/three/examples/jsm/lines/LineSegmentsGeometry.js → 200 (3ms, 6893B)
[2026-08-25T08:23:27.876Z] GET http://127.0.0.1:4193/node_modules/three/examples/jsm/lines/LineMaterial.js → 200 (3ms, 14020B)
[2026-08-25T08:23:27.876Z] GET http://127.0.0.1:4193/node_modules/three/examples/jsm/utils/BufferGeometryUtils.js → 200 (5ms, 37621B)
[2026-08-25T08:23:27.879Z] GET http://127.0.0.1:4193/node_modules/three/build/three.core.js → 200 (16ms, 1443056B)
[2026-08-25T08:23:37.036Z] GET http://127.0.0.1:4193/ → 200 (3ms, 5409B)
[2026-08-25T08:23:37.052Z] GET http://127.0.0.1:4193/styles.css → 200 (1ms, 9607B)
[2026-08-25T08:23:37.052Z] GET http://127.0.0.1:4193/node_modules/three/build/three.module.js → 200 (14ms, 650153B)
[2026-08-25T08:23:37.052Z] GET http://127.0.0.1:4193/assets/wattle-bouquet-poster.png → 200 (5ms, 490393B)
[2026-08-25T08:23:37.052Z] GET http://127.0.0.1:4193/script.js → 200 (5ms, 118058B)
[2026-08-25T08:23:37.058Z] GET http://127.0.0.1:4193/node_modules/three/examples/jsm/controls/OrbitControls.js → 200 (6ms, 40504B)
[2026-08-25T08:23:37.058Z] GET http://127.0.0.1:4193/node_modules/three/examples/jsm/exporters/GLTFExporter.js → 200 (7ms, 92973B)
[2026-08-25T08:23:37.058Z] GET http://127.0.0.1:4193/node_modules/three/examples/jsm/lines/LineSegments2.js → 200 (5ms, 11477B)
[2026-08-25T08:23:37.058Z] GET http://127.0.0.1:4193/node_modules/three/examples/jsm/lines/LineSegmentsGeometry.js → 200 (5ms, 6893B)
[2026-08-25T08:23:37.058Z] GET http://127.0.0.1:4193/node_modules/three/examples/jsm/lines/LineMaterial.js → 200 (6ms, 14020B)
[2026-08-25T08:23:37.058Z] GET http://127.0.0.1:4193/node_modules/three/examples/jsm/utils/BufferGeometryUtils.js → 200 (7ms, 37621B)
[2026-08-25T08:23:37.066Z] GET http://127.0.0.1:4193/node_modules/three/build/three.core.js → 200 (17ms, 1443056B)
[2026-08-25T08:23:45.305Z] GET http://127.0.0.1:4193/ → 200 (4ms, 5409B)
[2026-08-25T08:23:45.320Z] GET http://127.0.0.1:4193/styles.css → 200 (2ms, 9607B)
[2026-08-25T08:23:45.320Z] GET http://127.0.0.1:4193/node_modules/three/build/three.module.js → 200 (11ms, 650153B)
[2026-08-25T08:23:45.321Z] GET http://127.0.0.1:4193/assets/wattle-bouquet-poster.png → 200 (3ms, 490393B)
[2026-08-25T08:23:45.321Z] GET http://127.0.0.1:4193/script.js → 200 (5ms, 118058B)
[2026-08-25T08:23:45.326Z] GET http://127.0.0.1:4193/node_modules/three/examples/jsm/controls/OrbitControls.js → 200 (7ms, 40504B)
[2026-08-25T08:23:45.326Z] GET http://127.0.0.1:4193/node_modules/three/examples/jsm/exporters/GLTFExporter.js → 200 (7ms, 92973B)
[2026-08-25T08:23:45.326Z] GET http://127.0.0.1:4193/node_modules/three/examples/jsm/lines/LineSegments2.js → 200 (6ms, 11477B)
[2026-08-25T08:23:45.326Z] GET http://127.0.0.1:4193/node_modules/three/examples/jsm/lines/LineSegmentsGeometry.js → 200 (6ms, 6893B)
[2026-08-25T08:23:45.326Z] GET http://127.0.0.1:4193/node_modules/three/examples/jsm/lines/LineMaterial.js → 200 (7ms, 14020B)
[2026-08-25T08:23:45.326Z] GET http://127.0.0.1:4193/node_modules/three/examples/jsm/utils/BufferGeometryUtils.js → 200 (7ms, 37621B)
[2026-08-25T08:23:45.333Z] GET http://127.0.0.1:4193/node_modules/three/build/three.core.js → 200 (16ms, 1443056B)
[2026-08-25T08:23:53.534Z] GET http://127.0.0.1:4193/ → 200 (4ms, 5409B)
[2026-08-25T08:23:53.547Z] GET http://127.0.0.1:4193/styles.css → 200 (2ms, 9607B)
[2026-08-25T08:23:53.547Z] GET http://127.0.0.1:4193/node_modules/three/build/three.module.js → 200 (11ms, 650153B)
[2026-08-25T08:23:53.547Z] GET http://127.0.0.1:4193/assets/wattle-bouquet-poster.png → 200 (4ms, 490393B)
[2026-08-25T08:23:53.547Z] GET http://127.0.0.1:4193/script.js → 200 (6ms, 118058B)
[2026-08-25T08:23:53.553Z] GET http://127.0.0.1:4193/node_modules/three/examples/jsm/controls/OrbitControls.js → 200 (6ms, 40504B)
[2026-08-25T08:23:53.553Z] GET http://127.0.0.1:4193/node_modules/three/examples/jsm/exporters/GLTFExporter.js → 200 (8ms, 92973B)
[2026-08-25T08:23:53.553Z] GET http://127.0.0.1:4193/node_modules/three/examples/jsm/lines/LineSegments2.js → 200 (6ms, 11477B)
[2026-08-25T08:23:53.553Z] GET http://127.0.0.1:4193/node_modules/three/examples/jsm/lines/LineSegmentsGeometry.js → 200 (6ms, 6893B)
[2026-08-25T08:23:53.553Z] GET http://127.0.0.1:4193/node_modules/three/examples/jsm/lines/LineMaterial.js → 200 (7ms, 14020B)
[2026-08-25T08:23:53.553Z] GET http://127.0.0.1:4193/node_modules/three/examples/jsm/utils/BufferGeometryUtils.js → 200 (8ms, 37621B)
[2026-08-25T08:23:53.558Z] GET http://127.0.0.1:4193/node_modules/three/build/three.core.js → 200 (17ms, 1443056B)
[2026-08-25T08:24:01.473Z] GET http://127.0.0.1:4193/ → 200 (4ms, 5409B)
[2026-08-25T08:24:01.485Z] GET http://127.0.0.1:4193/styles.css → 200 (2ms, 9607B)
[2026-08-25T08:24:01.485Z] GET http://127.0.0.1:4193/node_modules/three/build/three.module.js → 200 (10ms, 650153B)
[2026-08-25T08:24:01.485Z] GET http://127.0.0.1:4193/assets/wattle-bouquet-poster.png → 200 (5ms, 490393B)
[2026-08-25T08:24:01.485Z] GET http://127.0.0.1:4193/script.js → 200 (6ms, 118058B)
[2026-08-25T08:24:01.492Z] GET http://127.0.0.1:4193/node_modules/three/examples/jsm/controls/OrbitControls.js → 200 (7ms, 40504B)
[2026-08-25T08:24:01.492Z] GET http://127.0.0.1:4193/node_modules/three/examples/jsm/exporters/GLTFExporter.js → 200 (8ms, 92973B)
[2026-08-25T08:24:01.492Z] GET http://127.0.0.1:4193/node_modules/three/examples/jsm/lines/LineSegments2.js → 200 (6ms, 11477B)
[2026-08-25T08:24:01.492Z] GET http://127.0.0.1:4193/node_modules/three/examples/jsm/lines/LineSegmentsGeometry.js → 200 (7ms, 6893B)
[2026-08-25T08:24:01.492Z] GET http://127.0.0.1:4193/node_modules/three/examples/jsm/lines/LineMaterial.js → 200 (8ms, 14020B)
[2026-08-25T08:24:01.492Z] GET http://127.0.0.1:4193/node_modules/three/examples/jsm/utils/BufferGeometryUtils.js → 200 (8ms, 37621B)
[2026-08-25T08:24:01.496Z] GET http://127.0.0.1:4193/node_modules/three/build/three.core.js → 200 (19ms, 1443056B)
[2026-08-25T08:24:08.505Z] GET http://127.0.0.1:4193/ → 200 (4ms, 5409B)
[2026-08-25T08:24:08.517Z] GET http://127.0.0.1:4193/styles.css → 200 (3ms, 9607B)
[2026-08-25T08:24:08.517Z] GET http://127.0.0.1:4193/node_modules/three/build/three.module.js → 200 (13ms, 650153B)
[2026-08-25T08:24:08.517Z] GET http://127.0.0.1:4193/assets/wattle-bouquet-poster.png → 200 (5ms, 490393B)
[2026-08-25T08:24:08.517Z] GET http://127.0.0.1:4193/script.js → 200 (6ms, 118058B)
[2026-08-25T08:24:08.523Z] GET http://127.0.0.1:4193/node_modules/three/examples/jsm/controls/OrbitControls.js → 200 (7ms, 40504B)
[2026-08-25T08:24:08.523Z] GET http://127.0.0.1:4193/node_modules/three/examples/jsm/exporters/GLTFExporter.js → 200 (8ms, 92973B)
[2026-08-25T08:24:08.523Z] GET http://127.0.0.1:4193/node_modules/three/examples/jsm/lines/LineSegments2.js → 200 (7ms, 11477B)
[2026-08-25T08:24:08.523Z] GET http://127.0.0.1:4193/node_modules/three/examples/jsm/lines/LineSegmentsGeometry.js → 200 (6ms, 6893B)
[2026-08-25T08:24:08.523Z] GET http://127.0.0.1:4193/node_modules/three/examples/jsm/lines/LineMaterial.js → 200 (8ms, 14020B)
[2026-08-25T08:24:08.523Z] GET http://127.0.0.1:4193/node_modules/three/examples/jsm/utils/BufferGeometryUtils.js → 200 (8ms, 37621B)
[2026-08-25T08:24:08.531Z] GET http://127.0.0.1:4193/node_modules/three/build/three.core.js → 200 (16ms, 1443056B)
